slug,org,sentence,urls
air-conditioner-btu-calculator,ENERGY STAR,"**ENERGY STAR's sizing chart puts a 5,000 BTU unit in a 100 to 150 sq ft room, 12,000 BTU in 450 to 550 sq ft, and 18,000 BTU in 700 to 1,000 sq ft, before adjustments for sun, people and cooking.** The calculator below makes the same estimate with more inputs.",https://www.energystar.gov/products/room_air_conditioners
air-conditioner-btu-calculator,ENERGY STAR,"ENERGY STAR's chart puts 12,000 BTU in a 450 to 550 sq ft room.",https://www.energystar.gov/products/room_air_conditioners
furnace-sizing-calculator,DOE,"2026 Furnace Efficiency Standards The DOE's minimum AFUE requirements for 2026: Region Minimum AFUE (Non-Weatherized Gas Furnace) --- --- Northern states (DOE North region) 95% (condensing) Southern states (DOE South region) 80% (non-condensing allowed) As of 2026, the northern US requires condensing furnaces (95% AFUE minimum) for all new installations.",
mini-split-sizing-calculator,ENERGY STAR,"As a cross-check, ENERGY STAR's room air conditioner chart runs from 5,000 BTU for 100 to 150 sq ft up to 18,000 BTU for 700 to 1,000 sq ft, and it notes that oversized units cool the room before they've removed the humidity.",https://www.energystar.gov/products/room_air_conditioners
water-heater-sizing-calculator,DOE,The DOE recommends 120°F for most households.,
what-size-generator-do-i-need,CPSC,"At least 20 feet, with the exhaust pointed away from the house, according to CPSC.",https://www.cpsc.gov/Newsroom/News-Releases/2022/CPSC-Releases-New-Report-on-Carbon-Monoxide-CO-Fatalities-Urges-Generator-Safety-in-New-PSA https://www.cpsc.gov/Newsroom/News-Releases/2024/Stay-Safe-While-Staying-Warm-This-Winter-CPSC-Warns-Consumers-to-be-Cautious-When-Using-Generators-Furnaces-and-Space-Heaters https://www.cpsc.gov/Newsroom/News-Releases/2023/New-CPSC-Report-Shows-Upward-Trend-in-Carbon-Monoxide-CO-Fatalities
what-size-generator-do-i-need,CPSC,,https://www.cpsc.gov/Newsroom/News-Releases/2022/CPSC-Releases-New-Report-on-Carbon-Monoxide-CO-Fatalities-Urges-Generator-Safety-in-New-PSA https://www.cpsc.gov/Newsroom/News-Releases/2024/Stay-Safe-While-Staying-Warm-This-Winter-CPSC-Warns-Consumers-to-be-Cautious-When-Using-Generators-Furnaces-and-Space-Heaters https://www.cpsc.gov/Newsroom/News-Releases/2023/New-CPSC-Report-Shows-Upward-Trend-in-Carbon-Monoxide-CO-Fatalities
what-size-generator-do-i-need,NFPA,,https://www.nfpa.org/codes-and-standards/nfpa-70-standard-development/70
what-size-tankless-water-heater,ENERGY STAR,"The federal 25C credit (which covered up to $2,000 for qualifying ENERGY STAR tankless water heaters) expired for installs after Dec 31, 2025 (OBBBA); for 2026, state/utility rebates and IRA HEAR / HOMES are the active pathways Yes, if sized correctly.",https://www.energystar.gov/products/water_heaters
what-size-tankless-water-heater,DOE,"Tankless units save 24–34% on water heating energy costs for homes using ≤41 gallons per day, and 8–14% for high-use homes (~86 gallons per day), per the DOE.",
ac-not-cooling,ENERGY STAR,"Leaky, poorly insulated ducts are a bigger thief than most people realize: **ENERGY STAR estimates that duct leaks can cut a system's efficiency by as much as 20%.** Check the accessible runs in your basement, attic, or crawlspace for obvious disconnections, tears, and crushed insulation.",https://www.energystar.gov/saveathome/heating-cooling/duct-sealing/benefits
ac-not-cooling,EPA,"But diagnosis and repair require an EPA Section 608 certified technician, refrigerant isn't a DIY fix, and low charge always means a leak that needs finding, not just topping off."" }, { question: ""Why does my AC cool sometimes but not others?"", answer: ""Intermittent cooling usually points to an electrical component on its way out, a weak run capacitor, a pitted contactor, or a flaky thermostat con",https://www.epa.gov/section608
ac-troubleshooting-guide,ENERGY STAR,"- **Leaky ductwork.** According to ENERGY STAR, duct leaks can reduce a system's efficiency by **as much as 20%**, that's conditioned air you paid for, leaking into your attic or crawlspace.",https://www.energystar.gov/saveathome/heating-cooling/duct-sealing/benefits
ac-troubleshooting-guide,DOE,"- **Thermostat habits.** Per the DOE, a programmable thermostat can save you **up to 10% a year on heating and cooling** by easing the temperature back while you're away, and each degree closer to the outdoor temperature saves energy.",https://www.energy.gov/sites/prod/files/2014/06/f16/HomeCooling101.pdf
air-conditioner-types,DOE,"- **Cons:** the highest upfront cost ($3,500–$12,000, more with new ductwork), requires professional installation and ductwork, and **poorly sealed ducts waste energy, with the DOE putting duct air losses at about 30% of a cooling system's energy consumption**.",https://www.energy.gov/sites/prod/files/2014/06/f16/HomeCooling101.pdf
air-conditioner-types,DOE,The **DOE** puts duct air losses at about 30% of a cooling system's energy consumption.,https://www.energy.gov/sites/prod/files/2014/06/f16/HomeCooling101.pdf
portable-vs-window-ac,ENERGY STAR,**Adjust settings** (3 minutes): Program temperature and fan speed **Setup advantages:** - **No lifting**: Units have wheels for easy positioning - **Minimal tools**: Usually requires only basic assembly - **Reversible**: Easy to remove without permanent modifications - **Multiple rooms**: Can move between spaces as needed Cooling Effectiveness by Room Type Small Rooms (150-350 sq ft) **Window AC ,
window-air-conditioners,DOE,"BTU Adjustment Rules Use these DOE-recommended modifiers to fine-tune your BTU estimate: - **Heavy sun exposure**: Add 10% BTU - **Heavy shade**: Subtract 10% BTU - **Kitchen use**: Add 4,000 BTU - **Each additional person** (beyond 2): Add 600 BTU per person - **Ceiling height above 8 ft**: Add 10% per extra foot - **Poor insulation or older home**: Add 20–30% BTU - **Open floor plan connecting t",
air-purifier-guide,EPA,"According to the EPA, indoor air is often 2 to 5 times more polluted than outdoor air, and you spend roughly 90% of your time indoors, so cleaning that air is worth understanding.",https://www.epa.gov/indoor-air-quality-iaq/guide-air-cleaners-home
uv-light-hvac-systems,CDC,"UV Light Wavelength Effectiveness **UV-C (200-280 nm)**: Most effective germicidal wavelength - **254 nm**: Peak germicidal effectiveness - **222 nm**: Far-UV with potential safety advantages **UV-A/UV-B**: Less effective for air sterilization applications Pathogen Susceptibility According to CDC and ASHRAE studies, UV-C effectiveness varies by organism: **Highly Susceptible** (99.9% elimination i",https://www.cdc.gov/infectioncontrol/guidelines/environmental/
home-battery-backup-guide,EIA,"EIA: Electricity Use in Homes"", url: ""https://www.eia.gov/energyexplained/use-of-energy/electricity-use-in-homes.php"" }, { title: ""IRS: Residential Clean Energy Credit (Section 25D)"", url: ""https://www.irs.gov/credits-deductions/residential-clean-energy-credit"" }, { title: ""DSIRE: State Incentives for Renewables & Efficiency"", url: ""https://www.dsireusa.org/"" } ]} />",https://www.eia.gov/energyexplained/use-of-energy/electricity-use-in-homes.php
solar-panel-calculator,DOE,"(Sources: IRS OBBB FAQ; Congress.gov CRS IN12611.)"" } ]} />",https://www.energy.gov/eere/solar/homeowners-guide-going-solar
solar-panel-calculator,EIA,"(Sources: IRS OBBB FAQ; Congress.gov CRS IN12611.)"" } ]} />",https://www.eia.gov/consumption/residential/
dehumidifier-guide,EPA,"**A dehumidifier removes excess moisture from indoor air, and the right one depends on your room size, how damp the space is, and whether you need portable or whole-house coverage.** The EPA recommends keeping indoor humidity between 30 and 50%; above 60%, mold and dust mites become real problems.",https://www.epa.gov/mold/mold-course-chapter-2
dehumidifier-guide,EPA,"Why excess humidity matters The EPA recommends keeping indoor relative humidity between 30 and 50%, and always below 60%.",https://www.epa.gov/mold/mold-course-chapter-2
dehumidifier-guide,DOE,"*(Note: these pint ratings are on the current DOE/AHAM test standard, which changed in 2019 to a cooler, more realistic test condition.",
dehumidifier-running-cost,EPA,"Set the Humidistat to 50% Don't set it to 35% or 40% ""just to be safe."" The EPA says 30–50% is healthy.",https://www.epa.gov/indoor-air-quality-iaq
ideal-indoor-humidity-level,EPA,"<DataChart title=""Indoor Relative Humidity: The Safe Range"" desc=""Below 30% is too dry; 30 to 50 percent is the ideal range; 50 to 60 percent is rising risk; above 60 percent invites mold and dust mites."" format=""number"" yLabel=""Relative Humidity (%)"" data={[ { label: ""Too dry"", value: 30 }, { label: ""Ideal (low)"", value: 30 }, { label: ""Ideal (high)"", value: 50 }, { label: ""Rising risk"", value: 6",https://www.epa.gov/mold/mold-course-chapter-2 https://www.epa.gov/indoor-air-quality-iaq/biological-pollutants-impact-indoor-air-quality
ideal-indoor-humidity-level,EPA,"Per the EPA, above about 70% humidity on a damp surface, mold can start growing within **one to two days**, which is exactly why the standard advice after any leak or flood is to dry everything out within 24 to 48 hours.",https://www.epa.gov/mold/mold-course-chapter-2 https://www.epa.gov/indoor-air-quality-iaq/biological-pollutants-impact-indoor-air-quality
ideal-indoor-humidity-level,EPA,"Frequently asked questions **What is the ideal indoor humidity level?** Between 30% and 50% relative humidity, and always below 60%, per the EPA.",https://www.epa.gov/mold/mold-course-chapter-2 https://www.epa.gov/indoor-air-quality-iaq/biological-pollutants-impact-indoor-air-quality
ideal-indoor-humidity-level,EPA,"The EPA says to keep indoor humidity below 60%, because above that, mold, dust mites, and condensation all become significantly more likely.",https://www.epa.gov/mold/mold-course-chapter-2 https://www.epa.gov/indoor-air-quality-iaq/biological-pollutants-impact-indoor-air-quality
duct-leakage-testing,DOE,Department of Energy puts duct air losses at **about 30% of a cooling system's energy consumption** in a typical home.,
duct-leakage-testing,ENERGY STAR,"[ENERGY STAR](https://www.energystar.gov/saveathome/heating-cooling/duct-sealing) reports that sealing and insulating ducts can save homeowners **up to 20% on heating and cooling costs**, or roughly $200–$500 annually depending on climate zone and energy rates.",https://www.energystar.gov/saveathome/heating-cooling/duct-sealing
duct-leakage-testing,ENERGY STAR,"When You Should Test Voluntarily Even without a code requirement, duct leakage testing is worth the $150–$350 cost if any of these apply to your home: Your home was built before 2000 and has never been tested.",https://www.energystar.gov/saveathome/heating-cooling/duct-sealing
duct-leakage-testing,ENERGY STAR,"**Ask for the test report in writing.** You'll need it for energy code compliance, ENERGY STAR certification, utility rebates, and (for 2024/2025 installs) any 25C amended-return claim.",https://www.energystar.gov/saveathome/heating-cooling/duct-sealing
power-consumption-calculator,EIA,"home uses approximately 886 kWh per month (10,632 kWh per year) according to the EIA.",https://www.eia.gov/electricity/monthly/ https://www.eia.gov/consumption/residential/
water-heater-wire-size,NFPA,,https://www.nfpa.org/codes-and-standards/nfpa-70-standard-development/70
how-many-kwh-per-day-is-normal,EIA,"household uses roughly 28 to 29 kWh per day, which is about 860 kWh per month or around 10,500 kWh per year, according to EIA data.** But ""normal"" ranges widely, from around 17 kWh/day in low-use states like Hawaii and California to over 40 kWh/day in high-use states like Louisiana, driven mostly by climate and whether homes heat with electricity or gas.",https://www.eia.gov/energyexplained/use-of-energy/electricity-use-in-homes.php https://www.eia.gov/tools/faqs/faq.php?id=97&t=3
how-many-kwh-per-day-is-normal,EIA,"The quick answer: US average electricity use Time period Approximate average use ------------- ------------------------- Per hour ~1.2 kWh Per day ~28–29 kWh Per month ~860 kWh Per year ~10,500 kWh These are national averages across all states, home types, and heating fuels (per EIA).",https://www.eia.gov/energyexplained/use-of-energy/electricity-use-in-homes.php https://www.eia.gov/tools/faqs/faq.php?id=97&t=3
how-many-kwh-per-day-is-normal,EIA,"Highest-use states (per EIA, approximate) State kWh/day (approx.) Main driver ------- ------------------- ------------- Louisiana ~41 Hot, humid, plus electric heating Tennessee ~40 All-electric homes common Mississippi ~40 Extreme heat Alabama ~40 Heavy AC plus electric heat South Carolina ~38 Long cooling season Texas ~36 Extreme summer heat Lowest-use states (per EIA, approximate) State kWh/day",https://www.eia.gov/energyexplained/use-of-energy/electricity-use-in-homes.php https://www.eia.gov/tools/faqs/faq.php?id=97&t=3
how-many-kwh-per-day-is-normal,EIA,"average is about 860 kWh per month (per EIA), but it ranges from around 500 kWh in low-use states like California to over 1,200 kWh in high-use states like Louisiana.",https://www.eia.gov/energyexplained/use-of-energy/electricity-use-in-homes.php https://www.eia.gov/tools/faqs/faq.php?id=97&t=3
how-many-kwh-per-day-is-normal,EIA,"(per-customer + state figures)"", url: ""https://www.eia.gov/tools/faqs/faq.php?id=97&t=3"" } ]} />",https://www.eia.gov/energyexplained/use-of-energy/electricity-use-in-homes.php https://www.eia.gov/tools/faqs/faq.php?id=97&t=3
kwh-cost-calculator,ENERGY STAR,"Also, the 'state average' includes all rate classes — your residential rate may differ from the blended average."" } ]} />",https://www.energystar.gov/products
kwh-cost-calculator,EIA,"Also, the 'state average' includes all rate classes — your residential rate may differ from the blended average."" } ]} />",https://www.eia.gov/electricity/monthly/epm_table_5_6_a.html https://www.eia.gov/consumption/residential/ https://www.eia.gov/electricity/state/
afue-rating-explained,DOE,"Get a personalized AFUE upgrade estimate for your home — annual savings, payback, 20-year totals, and CO₂ reduction: Here's how to estimate your annual savings when upgrading to a higher AFUE furnace: **Annual Savings = Annual Fuel Cost × (1 – Old AFUE / New AFUE)** Example Calculations Assume a home spending $1,400/year on natural gas heating: Current AFUE Minimums and Upcoming Changes Current Fe",
afue-rating-explained,ENERGY STAR,"(The federal 25C credit that previously covered up to $600 for 97%+ AFUE furnaces expired Dec 31, 2025 under the OBBBA.) ENERGY STAR AFUE Requirements Note that ENERGY STAR's gas furnace threshold is remarkably high at 97% AFUE.",
afue-rating-explained,ENERGY STAR,"Key Takeaways - **AFUE measures what percentage of fuel becomes heat** — higher is better, with 96%+ being excellent - **Condensing furnaces (90–98.5% AFUE)** use a secondary heat exchanger and are significantly more efficient than standard 80% models - **Upgrading from 80% to 96% AFUE saves roughly $230/year** on a $1,400 annual gas bill - **The federal minimum is 80% AFUE** currently, rising to ",
eer-chart-for-ac-units,ENERGY STAR,"<DataChart data={[ { label: ""Mini-split (single-zone)"", value: 13, note: ""good ≥13, top 15-17"" }, { label: ""Central AC"", value: 11.5, note: ""good ≥11.5, excellent 13+"" }, { label: ""Window AC † (CEER)"", value: 11, note: ""good ≥11 CEER (not EER), ENERGY STAR 12.1+"", color: "" 164E63"" }, { label: ""Portable AC"", value: 8.5, note: ""typical 7-10 range"" } ]} title=""'Good' EER threshold by AC equipment typ",
eer-chart-for-ac-units,DOE,"Portable Air Conditioner EER Chart Portable ACs are the least efficient cooling option due to exhaust heat, single-hose air loss, and less efficient compressor designs: **Portable AC EER is not comparable to central AC or window unit EER.** Portable units must exhaust hot air through a vent hose, and single-hose models create negative pressure that pulls warm air in through gaps.",
hspf-rating-explained,ENERGY STAR,ENERGY STAR requires 8.5+ HSPF / 8.1+ HSPF2.,
merv-rating-chart,EPA,"And you don't need to chase HEPA to get there: the EPA notes that filters with a MERV between 7 and 13 ""are nearly as effective as true HEPA filters at controlling most airborne indoor particles."" - **MERV 14–16:** hospital and clean-room territory.",https://www.epa.gov/indoor-air-quality-iaq/guide-air-cleaners-home
merv-rating-chart,EPA,MERV 8 is a solid default; MERV 11 helps with pets and allergies; MERV 13 gives the best air quality (and is what the EPA/CDC recommend) if your system can handle it.,https://www.epa.gov/indoor-air-quality-iaq/guide-air-cleaners-home
merv-rating-chart,CDC,MERV 8 is a solid default; MERV 11 helps with pets and allergies; MERV 13 gives the best air quality (and is what the EPA/CDC recommend) if your system can handle it.,
merv-rating-chart,EPA,It's why the EPA and CDC recommend MERV 13 for better filtration where the system allows it.,https://www.epa.gov/indoor-air-quality-iaq/guide-air-cleaners-home
merv-rating-chart,CDC,It's why the EPA and CDC recommend MERV 13 for better filtration where the system allows it.,
minimum-seer-rating-by-state,DOE,"is divided into three DOE efficiency regions, and your state's minimum SEER2 depends on which one you're in.",
seer2-comparison-calculator,ENERGY STAR,"SEER to SEER2 Conversion Table If your contractor provided a legacy SEER rating, convert it to SEER2 before using the calculator: **Conversion formula:** SEER2 ≈ SEER × 0.95 (&plusmn;1–2% depending on equipment design) **Reverse formula:** SEER ≈ SEER2 × 1.053 These are approximations.",
seer2-comparison-calculator,DOE,"At the lower end of the scale (14–16 SEER2), each point matters more than at the upper end (19–22 SEER2) due to the mathematical relationship between the rating and energy consumption."" }, { question: ""How accurate is this calculator?"", answer: ""The calculator provides a reasonable estimate based on the DOE's standardized methodology.",
seer2-comparison-calculator,EIA,"EIA — State Electricity Profiles"", url: ""https://www.eia.gov/electricity/state/"" }, { label: ""IRS — 25C Energy Efficient Home Improvement Credit"", url: ""https://www.irs.gov/credits-deductions/energy-efficient-home-improvement-credit"" } ]} />",https://www.eia.gov/electricity/state/
seer2-rating-explained,DOE,"Current SEER2 Minimum Requirements (2026) The DOE divides the United States into three climate regions, each with its own minimum SEER2 requirement for split-system central air conditioners: <ComparisonTable headers={[""Region"", ""States Included"", ""Min SEER2 (Split AC)"", ""Min SEER2 (Packaged AC)"", ""Approx.",
seer2-rating-explained,ENERGY STAR,ENERGY STAR and SEER2 Thresholds ENERGY STAR certification requires performance above the federal minimum.,
seer2-rating-explained,ENERGY STAR,"The 25C credit expired for installs after Dec 31, 2025 under the OBBBA; the ENERGY STAR Most Efficient threshold remains relevant for state/utility programs and IRA HEAR (income-qualified, up to $8,000) / HOMES (performance-based), which often use the same or similar criteria.",
seer2-to-seer-conversion,DOE,The 4.7% average reduction is DOE's estimate for typical residential central AC and heat pumps across the equipment class.,
cracked-heat-exchanger,NFPA,The National Fire Protection Association (NFPA) recommends evacuating immediately and calling 911.,https://www.nfpa.org/Public-Education/Staying-safe/Safety-equipment/Carbon-monoxide
furnace-efficiency-explained,DOE,- **2029 DOE standards** will require 95% AFUE minimum in northern states — buying 95%+ now future-proofs your investment.,
furnace-guide,DOE,"The DOE standard requires furnaces manufactured on or after December 18, 2028 to be at least 95% AFUE, which phases out new non-condensing 80% units.",https://www.energy.gov/articles/doe-finalizes-energy-efficiency-standards-residential-furnaces-save-americans-15-billion
gas-vs-electric-heating-cost,EPA,"Average Grid"" headers={[""Heating Source"", ""CO2 per MMBtu (Delivered)"", ""Annual CO2 (2,000 sq ft home)"", ""Notes""]} rows={[ [""Natural Gas (96% AFUE)"", ""123 lbs"", ""9,840 lbs"", ""Direct combustion emissions""], [""Electric Resistance (grid avg)"", ""159 lbs"", ""12,720 lbs"", ""Depends heavily on grid mix""], [""Heat Pump COP 2.5 (grid avg)"", ""64 lbs"", ""5,120 lbs"", ""Most efficient on average grid""], [""Heat Pump ",https://www.epa.gov/egrid/power-profiler
thermostat-temperature-winter,DOE,Department of Energy says a programmable thermostat can save up to **10% a year on heating and cooling**.,
thermostat-temperature-winter,DOE,"The DOE and multiple studies confirm this."" } ]} /> Sources Related Articles",
thermostat-temperature-winter,ENERGY STAR,"The DOE and multiple studies confirm this."" } ]} /> Sources Related Articles",https://www.energystar.gov/products/smart_thermostats
generator-guide,NFPA,Placement Rules NFPA 37 and local building codes dictate where your generator can sit.,https://www.nfpa.org/codes-and-standards/nfpa-37-standard-development/37
generator-guide,CPSC,"EIA — Electric Power Monthly"", url: ""https://www.eia.gov/electricity/monthly/"" }, { label: ""NFPA 37 — Installation and Use of Stationary Combustion Engines"", url: ""https://www.nfpa.org/codes-and-standards/nfpa-37-standard-development/37"" }, { label: ""ASCE Infrastructure Report Card"", url: ""https://infrastructurereportcard.org/cat-item/energy-infrastructure/"" }, { label: ""ACCA Manual J — Residentia",https://www.cpsc.gov/Safety-Education/Safety-Education-Centers/Generators
generator-guide,NFPA,"EIA — Electric Power Monthly"", url: ""https://www.eia.gov/electricity/monthly/"" }, { label: ""NFPA 37 — Installation and Use of Stationary Combustion Engines"", url: ""https://www.nfpa.org/codes-and-standards/nfpa-37-standard-development/37"" }, { label: ""ASCE Infrastructure Report Card"", url: ""https://infrastructurereportcard.org/cat-item/energy-infrastructure/"" }, { label: ""ACCA Manual J — Residentia",https://www.nfpa.org/codes-and-standards/nfpa-37-standard-development/37
generator-guide,EIA,"EIA — Electric Power Monthly"", url: ""https://www.eia.gov/electricity/monthly/"" }, { label: ""NFPA 37 — Installation and Use of Stationary Combustion Engines"", url: ""https://www.nfpa.org/codes-and-standards/nfpa-37-standard-development/37"" }, { label: ""ASCE Infrastructure Report Card"", url: ""https://infrastructurereportcard.org/cat-item/energy-infrastructure/"" }, { label: ""ACCA Manual J — Residentia",https://www.eia.gov/electricity/monthly/
what-size-generator-for-fridge,CDC,"**How long does food stay safe if I can't run the generator?** Per the FDA and CDC, a refrigerator keeps food safe about 4 hours with the door closed, a full freezer about 48 hours (24 if half full).",https://www.cdc.gov/food-safety/foods/keep-food-safe-after-emergency.html
heat-pump-guide,DOE,Maintenance Heat pumps need modest but real maintenance: - **Check and replace air filters every 1 to 3 months.** A clogged filter restricts airflow and cuts efficiency (the DOE attributes a 5 to 15% energy penalty to a dirty filter).,https://www.energy.gov/heat-pumps
heat-pump-guide,DOE,,https://www.energy.gov/heat-pumps
heat-pump-guide,ENERGY STAR,,https://www.energystar.gov/saveathome/heating-cooling
heat-pump-running-cost-calculator,EIA,- [EIA — Average Electricity Rates by State](https://www.eia.gov/electricity/monthly/epm_table_5_6_a.html) - [NOAA — Heating and Cooling Degree Days](https://www.ncei.noaa.gov/products/land-based-station/us-climate-normals) - [AHRI — Certified Performance Data](https://www.ahridirectory.org/) - [EIA — Residential Energy Consumption Survey](https://www.eia.gov/consumption/residential/) - [EIA — Nat,https://www.eia.gov/electricity/monthly/epm_table_5_6_a.html https://www.eia.gov/consumption/residential/ https://www.eia.gov/naturalgas/monthly/
heat-pump-tax-credits-2026,ENERGY STAR,**Verify current amounts.** State and utility rebates change frequently and depend on program funding.,https://www.energystar.gov/about/federal-tax-credits
heat-pump-tax-credits-2026,ENERGY STAR,"HEAR covers heat pumps generally, including ductless mini splits — subject to ENERGY STAR certification and the state program's specific equipment list.",https://www.energystar.gov/about/federal-tax-credits
heat-pump-tax-credits-2026,ENERGY STAR,- [IRS — Energy Efficient Home Improvement Credit (Section 25C)](https://www.irs.gov/credits-deductions/energy-efficient-home-improvement-credit) - [IRS — Form 5695 Instructions](https://www.irs.gov/forms-pubs/about-form-5695) - [IRS — Residential Clean Energy Credit (Section 25D)](https://www.irs.gov/credits-deductions/residential-clean-energy-credit) - [DSIRE — Database of State Incentives for R,https://www.energystar.gov/about/federal-tax-credits
central-ac-cost-to-install,EPA,"Refrigerant recovery and charging legally require an EPA Section 608-certified technician, which is one reason central air isn't a DIY job.",https://www.epa.gov/section608
central-ac-cost-to-install,EPA,"Handling refrigerant requires EPA Section 608 certification, the electrical work usually needs a permit, and a DIY install can void the equipment warranty.",https://www.epa.gov/section608
central-ac-cost-to-install,EPA,,https://www.epa.gov/section608
central-air-conditioner-guide,DOE,"The Department of Energy puts duct air losses at about 30% of a cooling system's energy consumption, lost through leaks, holes, and poorly connected sections.",
hvac-cost-by-state,EIA,"Energy Information Administration — State Energy Data"", url: ""https://www.eia.gov/electricity/monthly/epm_table_5_6_a.html"" }, { name: ""AHRI — Directory of Certified Product Performance"", url: ""https://www.ahridirectory.org/"" } ]} />",https://www.eia.gov/electricity/monthly/epm_table_5_6_a.html
air-duct-cleaning-worth-it,EPA,**The EPA recommends duct cleaning only when:** 1.,https://www.epa.gov/indoor-air-quality-iaq/should-you-have-air-ducts-your-home-cleaned
air-duct-cleaning-worth-it,ENERGY STAR,[ENERGY STAR](https://www.energystar.gov/saveathome/heating-cooling/duct-sealing) reports that the average home loses 20–30% of conditioned air through duct leaks — fixing these leaks provides a far greater return than cleaning duct interiors.,https://www.energystar.gov/saveathome/heating-cooling/duct-sealing
air-duct-cleaning-worth-it,ENERGY STAR,"Investment Cost Annual Savings Payback Period IAQ Impact --- --- --- --- --- Duct cleaning $300–$600 $0–$50 Never (for routine cleaning) Minimal to none Duct sealing (DIY mastic) $50–$150 $200–$450 3–6 months Moderate (reduces infiltration) Professional duct sealing $400–$1,200 $200–$450 1–3 years Moderate Aeroseal duct sealing $1,500–$3,000 $300–$500 3–6 years Significant Duct insulation (attic) ",https://www.energystar.gov/saveathome/heating-cooling/duct-sealing
air-duct-cleaning-worth-it,EPA,"**Green flags:** - NADCA member (search at nadca.com) - Provides a detailed scope of work in writing before starting - Quotes based on system size after inspection, not a flat ""whole house"" price - Uses truck-mounted or portable negative air equipment - Willing to show you the equipment and explain the process - Has liability insurance and worker's compensation - Offers a satisfaction guarantee **",https://www.epa.gov/indoor-air-quality-iaq/should-you-have-air-ducts-your-home-cleaned
how-often-change-hvac-filter,ENERGY STAR,"**Change a standard 1-inch HVAC filter every 1 to 3 months, and a thick 4-to-5-inch media filter every 6 to 12 months.** ENERGY STAR recommends checking your filter every month, especially during heavy-use winter and summer months, and changing it whenever it looks dirty, or every 3 months at the latest.",https://www.energystar.gov/saveathome/heating-cooling
how-often-change-hvac-filter,DOE,"The numbers here are sourced, not scare tactics: - **It wastes energy.** According to the **Department of Energy**, a dirty, clogged filter can **increase your system's energy consumption by 5 to 15%.** That's money leaking out of your utility bill every month the filter stays dirty, and it dwarfs the small cost of a replacement filter.",https://www.energy.gov/sites/prod/files/2014/06/f16/HomeCooling101.pdf
how-often-change-hvac-filter,DOE,"**What happens if I don't change my air filter?** A clogged filter restricts airflow, which per the DOE increases energy use by 5–15%, strains the system, and can lead to expensive repairs or early failure.",https://www.energy.gov/sites/prod/files/2014/06/f16/HomeCooling101.pdf
how-to-clean-ac-coils,DOE,"Department of Energy's Energy Saver 101 (Home Cooling) recommends checking the evaporator coil every year and cleaning it as necessary, and notes that clean filters can lower an air conditioner's energy use by 5 to 15%.",https://www.energy.gov/sites/prod/files/2014/06/f16/HomeCooling101.pdf
hvac-ductwork-guide,ENERGY STAR,"ENERGY STAR reports that the average home loses 20-30% of conditioned air through duct leaks, poor connections, and inadequate insulation, costing the typical household $200-$450 per year in wasted energy.",
hvac-ductwork-guide,ENERGY STAR,ENERGY STAR estimates 20-30% of conditioned air is lost through leaks.,
hvac-maintenance-checklist,DOE,"A clogged filter restricts airflow, makes the system work harder, and per the DOE can increase energy use by 5–15%.",https://www.energy.gov/sites/prod/files/2014/06/f16/HomeCooling101.pdf
hvac-maintenance-checklist,EPA,"Handling refrigerant is federally regulated (EPA Section 608) and requires certification, this is not a DIY task.",https://www.epa.gov/section608
hvac-maintenance-checklist,DOE,"A well-maintained system runs more efficiently (a dirty filter or coils alone can cost you 5–15% more in energy, per the DOE), breaks down less often, and lasts longer, delaying an expensive replacement.",https://www.energy.gov/sites/prod/files/2014/06/f16/HomeCooling101.pdf
carbon-monoxide-detector-guide,CDC,"According to the CDC, unintentional, non-fire-related CO poisoning causes **more than 400 deaths a year** in the U.S.",https://www.cdc.gov/carbon-monoxide/about/index.html
carbon-monoxide-detector-guide,CPSC,"<DataChart title=""UL 2034 CO Alarm Response Thresholds"" desc=""At 70 ppm, a UL-listed alarm must sound within 60 to 240 minutes; at 150 ppm within 10 to 50 minutes; at 400 ppm within 4 to 15 minutes."" format=""number"" yLabel=""CO concentration (ppm)"" data={[ { label: ""Silent below"", value: 30, note: ""no alarm for 30 days"" }, { label: ""Alarm in 60-240 min"", value: 70 }, { label: ""Alarm in 10-50 min"", ",https://www.cpsc.gov/Safety-Education/Safety-Education-Centers/Carbon-Monoxide-Information-Center
carbon-monoxide-detector-guide,EPA,"Higher concentration = faster required response."" /> CO level What UL 2034 requires What it means for you --- --- --- Below 30 ppm Alarm must **not** sound (for 30 days) Considered background; but not necessarily harmless long-term 70 ppm Alarm within **60–240 minutes** Symptoms can begin with prolonged exposure 150 ppm Alarm within **10–50 minutes** Headache, fatigue, nausea within 1–2 hours 400 ",https://www.epa.gov/co-pollution/timeline-carbon-monoxide-co-national-ambient-air-quality-standards-naaqs
carbon-monoxide-detector-guide,NFPA,"State requirements are from the **National Conference of State Legislatures (NCSL)** compilation of CO detector statutes, and code/placement guidance follows **NFPA 72** (which absorbed CO-alarm requirements after NFPA 720 was withdrawn in 2018).",
how-to-improve-indoor-air-quality,EPA,"import { SourcesBox, RelatedArticles } from '@/components' Your indoor air is likely more polluted than you think, the EPA notes indoor air is often several times more polluted than outdoor air, and you spend about 90% of your time inside.",https://www.epa.gov/indoor-air-quality-iaq https://www.epa.gov/radon
how-to-improve-indoor-air-quality,EPA,"Control humidity Keeping indoor humidity in the **40 to 50% range** (the EPA recommends staying between 30 and 50%, and below 60%) suppresses mold and dust mites, two of the most common indoor allergens.",https://www.epa.gov/indoor-air-quality-iaq https://www.epa.gov/radon
how-to-improve-indoor-air-quality,EPA,"The EPA notes that indoor air is often more polluted than outdoor air and that Americans spend about 90% of their time indoors, and identifies **radon as the second-leading cause of lung cancer** with an action level of 4 pCi/L.",https://www.epa.gov/indoor-air-quality-iaq https://www.epa.gov/radon
voc-in-home-sources,EPA,"import { TableOfContents, FAQ, ComparisonTable, Callout, SourcesBox, RelatedArticles } from '@/components' VOCs in Your Home: Sources, Health Dangers, and How to Remove Them Volatile organic compounds (VOCs) are gases released from everyday household products — paints, cleaning supplies, furniture, building materials, and personal care items — and their concentrations inside your home are typicall",https://www.epa.gov/indoor-air-quality-iaq/volatile-organic-compounds-impact-indoor-air-quality https://www.epa.gov/indoor-air-quality-iaq
indoor-air-quality-testing,EPA,"import { TableOfContents, FAQ, ComparisonTable, Callout, SourcesBox, RelatedArticles } from '@/components' Indoor Air Quality Testing: Professional IAQ Assessment Guide (2026) Indoor air can be 2-5 times more polluted than outdoor air, according to EPA data.",https://www.epa.gov/indoor-air-quality-iaq
indoor-air-quality-testing,EPA,"Common Indoor Air Pollutants & Health Effects Pollutant Sources Health Effects ASHRAE/EPA Limits Testing Method --- --- --- --- --- PM2.5/PM10 Cooking, smoking, outdoor infiltration Respiratory issues, cardiovascular disease 35 μg/m³ (24hr) / 50 μg/m³ Laser particle counter VOCs (Total) Paints, cleaners, furniture Headaches, organ damage 500 μg/m³ PID sensor, GC-MS CO₂ Human respiration, combustio",https://www.epa.gov/indoor-air-quality-iaq
indoor-air-quality-testing,EPA,"**Post-remediation verification:** Always retest to confirm solutions worked Cost-Benefit Analysis Intervention Initial Cost Annual Operating Health Benefit ROI Period --- --- --- --- --- CO detectors (3 units) $90 $10 batteries Prevents CO poisoning Immediate MERV 13 filters $120 $120 50% particle reduction 1 year Radon mitigation $1,500 $50 electric 90% lung cancer risk reduction 3-5 years Whole",https://www.epa.gov/indoor-air-quality-iaq
insulation-r-value-guide,DOE,"Economic Impact of Proper R-Values According to Department of Energy studies, proper insulation R-values provide: - **Energy Savings**: 15-50% reduction in heating and cooling costs - **Comfort Improvement**: More consistent indoor temperatures - **HVAC Efficiency**: Reduced system runtime and wear - **Home Value**: 3-5% increase in property value - **Environmental Benefits**: Reduced carbon footp",
dry-mode-in-ac,EPA,"And if you want to know what humidity level you should actually be targeting, our [ideal indoor humidity guide](/ideal-indoor-humidity-level) covers the 30–50% range the EPA recommends.",
how-does-a-mini-split-work,ENERGY STAR,"According to ENERGY STAR, ductwork can waste **more than 30% of a home's energy use for space conditioning**, air leaks out of duct seams, and heat bleeds out as the air travels through unconditioned attics and crawlspaces.",https://www.energystar.gov/products/ductless_heating_cooling
how-does-a-mini-split-work,DOE,"This does two things: it saves energy (no wasteful hard restarts), and it keeps the temperature steadier and quieter, no big swings between ""too cold"" and ""too warm."" Together, the inverter compressor and zero duct loss are why, per the DOE, mini splits reach SEER2 efficiency ratings **up to about 35**, well beyond what most ducted systems achieve.",https://www.energy.gov/heat-pumps
how-does-a-mini-split-work,ENERGY STAR,"First, no ducts, so they avoid the more-than-30% energy loss ENERGY STAR attributes to ductwork.",https://www.energystar.gov/products/ductless_heating_cooling
mini-split-air-conditioners,DOE,"Skipping ducts is the main efficiency advantage, since the DOE attributes more than 30% of a home's space-conditioning energy loss to leaky ducts.",
mini-split-air-conditioners,EPA,"It involves handling refrigerant (which legally requires EPA Section 608 certification), electrical work (which may need a licensed electrician), and proper commissioning (vacuuming the lines, verifying the charge, testing airflow).",
mini-split-air-conditioners,EPA,"What to look for in an installer: EPA 608 certification, NATE certification, appropriate state license and insurance, willingness to perform a Manual J load calculation (per ACCA, so the system is sized correctly rather than by guess), and references from past mini split jobs.",
mini-split-air-conditioners,EIA,,https://www.eia.gov/electricity/monthly/
mini-split-electricity-usage,DOE,"**Clean the filters regularly.** A clogged filter is one of the biggest efficiency killers, per the DOE it can increase energy use by 5 to 15% by restricting airflow.",https://www.energy.gov/sites/prod/files/2014/06/f16/HomeCooling101.pdf
mini-split-electricity-usage,EIA,rate ($/kWh) Cooling hrs (approx.) Heating hrs (approx.) ------- ------------------- ---------------------- ---------------------- Hawaii ~0.37 650 200 Connecticut ~0.30 550 700 Massachusetts ~0.28 500 800 California ~0.27 600 350 New York ~0.24 550 750 National average ~0.18 600 600 Florida ~0.15 900 200 Texas ~0.14 850 400 Georgia ~0.14 800 450 Louisiana ~0.10 900 300 Idaho ~0.10 400 700 *(State,https://www.eia.gov/electricity/monthly/
mini-split-electricity-usage,DOE,"Mini splits avoid duct losses, which the DOE puts at about 30% of a cooling system's energy consumption, and their inverter compressors modulate to match demand, so they usually use less electricity than a comparable ducted system.",https://www.energy.gov/sites/prod/files/2014/06/f16/HomeCooling101.pdf
mini-split-electricity-usage,DOE,"**How can I reduce my mini split's electricity use?** Set the temperature sensibly (closer to outdoor temp), clean the filters regularly (a dirty filter can add 5 to 15% per the DOE), use dry mode in humid weather, shade the outdoor unit, and improve room insulation.",https://www.energy.gov/sites/prod/files/2014/06/f16/HomeCooling101.pdf
mini-split-electricity-usage,DOE,"DOE: Energy Saver 101, Home Cooling (PDF)"", url: ""https://www.energy.gov/sites/prod/files/2014/06/f16/HomeCooling101.pdf"" }, { title: ""ENERGY STAR: Ductless Heating & Cooling (inverter efficiency)"", url: ""https://www.energystar.gov/products/ductless_heating_cooling"" }, { title: ""EIA: Electricity Monthly (average residential retail rates by state)"", url: ""https://www.eia.gov/electricity/monthly/"" }",https://www.energy.gov/sites/prod/files/2014/06/f16/HomeCooling101.pdf
mini-split-electricity-usage,ENERGY STAR,"DOE: Energy Saver 101, Home Cooling (PDF)"", url: ""https://www.energy.gov/sites/prod/files/2014/06/f16/HomeCooling101.pdf"" }, { title: ""ENERGY STAR: Ductless Heating & Cooling (inverter efficiency)"", url: ""https://www.energystar.gov/products/ductless_heating_cooling"" }, { title: ""EIA: Electricity Monthly (average residential retail rates by state)"", url: ""https://www.eia.gov/electricity/monthly/"" }",https://www.energystar.gov/products/ductless_heating_cooling
mini-split-electricity-usage,EIA,"DOE: Energy Saver 101, Home Cooling (PDF)"", url: ""https://www.energy.gov/sites/prod/files/2014/06/f16/HomeCooling101.pdf"" }, { title: ""ENERGY STAR: Ductless Heating & Cooling (inverter efficiency)"", url: ""https://www.energystar.gov/products/ductless_heating_cooling"" }, { title: ""EIA: Electricity Monthly (average residential retail rates by state)"", url: ""https://www.eia.gov/electricity/monthly/"" }",https://www.eia.gov/electricity/monthly/
mini-split-vs-central-air,DOE,"**A typical duct system loses a substantial share of the energy moving through it**, ENERGY STAR puts duct losses at as much as 20% of the air a system moves, and the DOE puts duct air losses at about 30% of a cooling system's energy consumption, from leaks, poor insulation, and connections running through unconditioned attics and crawlspaces.",
mini-split-vs-central-air,ENERGY STAR,"**A typical duct system loses a substantial share of the energy moving through it**, ENERGY STAR puts duct losses at as much as 20% of the air a system moves, and the DOE puts duct air losses at about 30% of a cooling system's energy consumption, from leaks, poor insulation, and connections running through unconditioned attics and crawlspaces.",https://www.energystar.gov/saveathome/heating-cooling/duct-sealing/benefits https://www.energystar.gov/products/ductless_heating_cooling
mini-split-vs-central-air,DOE,"Efficiency, in more detail Mini splits are more efficient for two compounding reasons: no duct losses (the DOE puts these at about 30% of a cooling system's energy consumption), and inverter compressors that modulate output to match demand instead of cycling fully on and off.",
mini-split-vs-central-air,DOE,"Mini splits avoid duct losses, which the DOE puts at about 30% of a cooling system's energy consumption, and their inverter compressors modulate to match demand.",
mini-split-vs-central-air,DOE,"How we sourced this page The core efficiency claim, that the DOE puts duct air losses at about 30% of a cooling system's energy consumption, is from the **U.S.",
what-is-a-mini-split,ENERGY STAR,"According to **ENERGY STAR**, ductwork can waste **more than 30% of a home's energy use for space conditioning**, air leaking out of duct seams, or losing heat as it travels through unconditioned attics and crawlspaces.",https://www.energystar.gov/products/ductless_heating_cooling
what-is-a-mini-split,DOE,"Per the **DOE**, ductless mini splits achieve **SEER2 cooling ratings from about 15.2 up to 35**, while ducted heat pumps typically top out around 25.",https://www.energy.gov/heat-pumps
what-is-a-mini-split,ENERGY STAR,They eliminate duct losses (which ENERGY STAR says can waste more than 30% of conditioning energy) and use variable-speed compressors.,https://www.energystar.gov/products/ductless_heating_cooling
what-is-a-mini-split,DOE,"Per the DOE, they reach SEER2 ratings up to about 35, and ENERGY STAR says they can use up to 60% less energy than electric resistance heating.",https://www.energy.gov/heat-pumps
what-is-a-mini-split,ENERGY STAR,"Per the DOE, they reach SEER2 ratings up to about 35, and ENERGY STAR says they can use up to 60% less energy than electric resistance heating.",https://www.energystar.gov/products/ductless_heating_cooling
how-to-identify-mold,CDC,"Mold is present in virtually every home — the CDC estimates that indoor air typically contains 1,000–10,000 mold spores per cubic meter, and that's normal.",https://www.cdc.gov/mold/basics.htm
how-to-identify-mold,EPA,"When You Do and Don't Need Testing **You DON'T need testing if:** - You can see visible mold and already plan to remediate it (the EPA recommends treating all mold the same — remove it, regardless of species) - The affected area is small (under 10 square feet) and the moisture source is obvious and fixable **You DO need testing if:** - You smell mold but can't find it visually - You or family memb",https://www.epa.gov/mold/brief-guide-mold-moisture-and-your-home https://www.epa.gov/mold/mold-remediation-schools-and-commercial-buildings-guide
moisture-barrier-crawl-space,DOE,"A properly installed 12-mil or thicker vapor barrier with sealed seams reduces crawl space humidity by **30–50%** and can lower your home's overall HVAC energy consumption by **15–18%**, according to research from the DOE's Building America program and Advanced Energy.",
moisture-barrier-crawl-space,ENERGY STAR,"Crawl Space Dehumidifier Comparison Model Capacity Coverage Energy Use Cost Warranty Best For ------- ---------- ---------- ------------ ------ ---------- ---------- Santa Fe Compact 70 70 pints/day Up to 1,800 sq ft 5.0 L/kWh (ENERGY STAR) $1,100–$1,400 6-year Most crawl spaces Santa Fe Classic 110 pints/day Up to 2,800 sq ft 5.1 L/kWh $1,500–$1,800 6-year Large crawl spaces AprilAire E070 70 pin",
moisture-barrier-crawl-space,DOE,"The DOE recommends wall insulation for encapsulated crawl spaces in all climate zones where heating is a significant energy load (zones 4–7)."" }, { question: ""Will encapsulation help with radon?"", answer: ""Yes, crawl space encapsulation reduces radon entry because the sealed vapor barrier blocks the primary pathway for radon gas to enter from the soil.",
do-portable-acs-pull-air-from-outside,EPA,"**During active wildfire smoke events**, the EPA recommends against using single-hose portable ACs if outdoor AQI exceeds 150 (Unhealthy).",
portable-ac-electricity-cost,EIA,The Energy Information Administration (EIA) publishes state-level average residential rates monthly in its Electric Power Monthly report (Table 5.6.A).,https://www.eia.gov/electricity/monthly/epm_table_5_6_a.html
portable-air-conditioners,EIA,"households used portable ACs in 2023, according to the EIA Residential Energy Consumption Survey, and that number has been growing roughly 12% annually.",https://www.eia.gov/consumption/residential/
portable-air-conditioners,DOE,"**The 2026 DOE rule change matters.** Since 2024, the DOE requires all portable ACs to be rated using the DOE BTU standard (previously called SACC — Seasonally Adjusted Cooling Capacity).",https://www.energy.gov/eere/buildings/portable-air-conditioners
hvac-refrigerant-phase-out,EPA,"Why this is happening (the short version) Refrigerants like R-410A are potent greenhouse gases, R-410A traps roughly **2,088 times as much heat as CO₂** over 100 years (that's its GWP, per the EPA).",https://www.epa.gov/hfcs/technology-transitions-gwp-reference-table https://www.epa.gov/climate-hfcs-reduction/frequent-questions-phasedown-hydrofluorocarbons
r410a-vs-r32-refrigerant,EPA,"**Technician certification** — EPA Section 608 certification is required, and many manufacturers now require additional A2L-specific training R-454B: The Other Contender R-32 isn't the only game in town.",https://www.epa.gov/climate-hfcs-reduction/aim-act https://www.epa.gov/climate-hfcs-reduction/technology-transitions
refrigerant-types-explained,EPA,"The quick comparison <DataChart title=""Refrigerant Climate Impact (GWP)"" desc=""Bar chart comparing global warming potential: R-22 is 1,810; R-410A is 2,088; R-32 is 675; R-454B is 466; R-290 is 3."" format=""number"" yLabel=""GWP (vs CO2 = 1)"" data={[ { label: ""R-22"", value: 1810 }, { label: ""R-410A"", value: 2088 }, { label: ""R-32"", value: 675 }, { label: ""R-454B"", value: 466 }, { label: ""R-290"", valu",https://www.epa.gov/hfcs/technology-transitions-gwp-reference-table https://www.epa.gov/section608 https://www.epa.gov/climate-hfcs-reduction/frequent-questions-phasedown-hydrofluorocarbons
refrigerant-types-explained,EPA,That puts it nearly three times over the EPA's new **700-GWP limit** for home HVAC.,https://www.epa.gov/hfcs/technology-transitions-gwp-reference-table https://www.epa.gov/section608 https://www.epa.gov/climate-hfcs-reduction/frequent-questions-phasedown-hydrofluorocarbons
smart-thermostat-savings,ENERGY STAR,The [ENERGY STAR Connected Thermostat v2.0 spec](https://www.energystar.gov/products/smart_thermostats/key_product_criteria) requires certified models to demonstrate a minimum of **8% heating savings and 10% cooling savings** through third-party field data — that's the floor.,https://www.energystar.gov/products/smart_thermostats https://www.energystar.gov/products/smart_thermostats/key_product_criteria
smart-thermostat-savings,ENERGY STAR,"The [v2.0 specification](https://www.energystar.gov/products/smart_thermostats/key_product_criteria) requires: - Minimum **8% heating savings and 10% cooling savings** through field data - Data must come from real residential installations, not lab tests - Studies must cover at least one full heating and one full cooling season - Results must be validated by a third-party entity This means every E",https://www.energystar.gov/products/smart_thermostats https://www.energystar.gov/products/smart_thermostats/key_product_criteria
smart-thermostat-savings,EPA,"Manufacturers frequently report higher figures (""up to 20%"" or ""up to 23%"") from their own field studies — those are not the EPA-verified minimums and vary substantially from home to home.",
smart-thermostat-savings,DOE,The DOE estimates that a programmable thermostat can save up to **10% per year** on heating and cooling.,
electric-heater-running-cost,EIA,"Baseboards heat the whole room whether you're there or not."" } ]} />",https://www.eia.gov/electricity/monthly/epm_table_5_6_a.html https://www.eia.gov/electricity/state/
tankless-water-heater-cost,ENERGY STAR,"**Stacking strategy (2026):** The federal 25C 30% tax credit on tankless ($540 on an $1,800 condensing gas unit) **expired Dec 31, 2025** under the OBBBA (PL 119-21, signed July 4, 2025).",https://www.energystar.gov/rebate-finder
tankless-water-heater-cost,ENERGY STAR,"The electrician and plumber may visit on different days for electric-to-gas conversions."" } ]} />",https://www.energystar.gov/rebate-finder
hvac-rebates-by-state,DOE,"Energy Savings Any Income ≤80% AMI Multifamily (per unit) --------------- ------------ ---------- ---------------------- 20–34% reduction Up to $2,000 Up to $4,000 Up to $2,000 (or $4,000 LMI) 35%+ reduction Up to $4,000 Up to $8,000 Up to $4,000 (or $8,000 LMI) HOMES requires either modeled energy savings (using DOE-approved software before installation) or measured energy savings (based on actua",https://www.energy.gov/scep/home-energy-rebate-programs https://www.energy.gov/scep/wap/weatherization-assistance-program
hvac-rebates-by-state,DOE,"For utility rebates, your utility company may have a preferred contractor network as well."" } ]} />",https://www.energy.gov/scep/home-energy-rebate-programs https://www.energy.gov/scep/wap/weatherization-assistance-program
hvac-rebates-by-state,ENERGY STAR,"For utility rebates, your utility company may have a preferred contractor network as well."" } ]} />",https://www.energystar.gov/partner-resources/state-and-tribal-rebate-programs/hear-program
hvac-tax-credits-2026,ENERGY STAR,Documentation Checklist for 2025 Claims Keep all of the following for at least 3 years (the IRS recommends keeping basis-related records indefinitely): - Itemized contractor invoice with model numbers and installation dates - Manufacturer's PIN (17-character code) — required for 2025 25C claims - Manufacturer's QMID code - AHRI certificate or ENERGY STAR certification - Manufacturer's written cert,https://www.energystar.gov/about/federal-tax-credits https://www.energystar.gov/partner-resources/state-and-tribal-rebate-programs/hear-program
hvac-tax-credits-2026,DOE,"How to Find Every Available Incentive in 2026 Follow this step-by-step process to maximize your savings: **Step 1: Check your state energy office website.** Search ""[your state] energy office HVAC rebates 2026"" or visit the DOE's list of state energy offices.",https://www.energy.gov/scep/home-energy-rebate-programs
hvac-tax-credits-2026,ENERGY STAR,"<FAQ questions={[ { question: ""What HVAC equipment qualifies for state rebates in 2026?"", answer: ""Most state and utility programs require ENERGY STAR certification at minimum, with many requiring equipment that meets CEE's highest efficiency tier.",https://www.energystar.gov/about/federal-tax-credits https://www.energystar.gov/partner-resources/state-and-tribal-rebate-programs/hear-program
hvac-tax-credits-2026,DOE,"Check your utility company and state energy office for all options."" } ]} />",https://www.energy.gov/scep/home-energy-rebate-programs
hvac-tax-credits-2026,ENERGY STAR,"Check your utility company and state energy office for all options."" } ]} />",https://www.energystar.gov/about/federal-tax-credits https://www.energystar.gov/partner-resources/state-and-tribal-rebate-programs/hear-program
electric-water-heating-cost,DOE,"Department of Energy estimates that water heating consumes 18–20% of a home's total energy use, making it the second-largest energy expense after space heating and cooling.",https://www.energy.gov/save
electric-water-heating-cost,EIA,"State-by-State Electric Water Heating Costs The following table uses EIA residential electricity rates (early 2026 data), a family of four baseline with a standard electric resistance tank (UEF 0.93) consuming approximately 4,800 kWh per year for water heating at the national average groundwater temperature.",https://www.eia.gov/electricity/monthly/ https://www.eia.gov/electricity/state/
electric-water-heating-cost,DOE,Thermostat Setting The DOE recommends 120°F.,https://www.energy.gov/save
electric-water-heating-cost,DOE,"For 2026 installs, state and utility rebates plus IRA HEAR (income-qualified) and HOMES (performance-based) programs are the paths to offset the higher upfront cost — check DSIRE or your state energy office."" } ]} />",https://www.energy.gov/save
electric-water-heating-cost,ENERGY STAR,"For 2026 installs, state and utility rebates plus IRA HEAR (income-qualified) and HOMES (performance-based) programs are the paths to offset the higher upfront cost — check DSIRE or your state energy office."" } ]} />",https://www.energystar.gov/products/water_heaters
electric-water-heating-cost,EIA,"For 2026 installs, state and utility rebates plus IRA HEAR (income-qualified) and HOMES (performance-based) programs are the paths to offset the higher upfront cost — check DSIRE or your state energy office."" } ]} />",https://www.eia.gov/electricity/monthly/ https://www.eia.gov/electricity/state/
heat-pump-water-heater-guide,DOE,"(Sources: IRS OBBB FAQ; Congress.gov CRS IN12611.)"" } ]} />",https://www.energy.gov/save
heat-pump-water-heater-guide,ENERGY STAR,"(Sources: IRS OBBB FAQ; Congress.gov CRS IN12611.)"" } ]} />",https://www.energystar.gov/products/water_heaters
water-heater-guide,ENERGY STAR,"A unit rated 0.92 UEF under the ""low"" draw pattern is not directly comparable to one rated 0.90 under ""high."" ENERGY STAR Requirements (2026) ENERGY STAR certification in 2026 requires these minimum efficiency levels: - **Gas tank:** UEF ≥ 0.64 (≤ 55 gal) or ≥ 0.68 (> 55 gal) - **Electric tank:** UEF ≥ 2.00 (effectively requires heat pump technology) - **Gas tankless:** UEF ≥ 0.87 - **Solar:** SEF",https://www.energystar.gov/products/water_heaters
water-heater-guide,DOE,"A heat pump water heater uses the same 240V circuit as a standard electric tank and operates for less money than gas, making it the best choice when switching fuel types."" }, { question: ""What temperature should I set my water heater to?"", answer: ""The DOE recommends 120°F as the ideal balance between comfort, safety, and efficiency.",https://www.energy.gov/save
