slug,org,sentence
ac-tonnage-calculator,ACCA,"Treat the result as a starting estimate: the industry standard is ACCA's Manual J load calculation, and for tight, modern homes it often lands lower than any square-footage method, this one included."
air-conditioner-btu-calculator,ENERGY STAR,"**ENERGY STAR's sizing chart puts a 5,000 BTU unit in a 100 to 150 sq ft room, 12,000 BTU in 450 to 550 sq ft, and 18,000 BTU in 700 to 1,000 sq ft, before adjustments for sun, people and cooking.** The calculator below makes the same estim"
air-conditioner-btu-calculator,ENERGY STAR,"ENERGY STAR notes that an oversized unit cools the room before it removes the humidity, leaving it damp and clammy, and it's less efficient."
heat-pump-size-calculator,ENERGY STAR,"The 70% at 5°F is the minimum ENERGY STAR requires for its cold-climate designation, so the calculator uses the floor rather than a more optimistic figure."
heat-pump-size-calculator,ENERGY STAR,"## Efficiency tiers in the calculator | Tier | Ratings | What it means | |---|---|---| | Code minimum | 14.3 SEER2, 7.5 HSPF2 | Federal requirement for split heat pumps since 2023 | | ENERGY STAR | 15.2 SEER2, 7.8 HSPF2, 11.0 EER2 | ENERGY "
mini-split-sizing-calculator,ENERGY STAR,"As a cross-check, ENERGY STAR's room air conditioner chart runs from 5,000 BTU for 100 to 150 sq ft up to 18,000 BTU for 700 to 1,000 sq ft, and it notes that oversized units cool the room before they've removed the humidity."
water-heater-sizing-calculator,EPA,"<CalcWrapper type=""water-heater-sizing"" /> ## How the calculator estimates hot water use The calculator adds up your daily hot water from these assumptions: | Use | Hot water assumed | |---|---| | Shower | 17 gallons | | Bath | 40 gallons |"
what-size-generator-do-i-need,CPSC,"At least 20 feet, with the exhaust pointed away from the house, according to CPSC."
what-size-generator-do-i-need,CPSC,"<SourcesBox sources={[   { title: ""CPSC: New report on CO fatalities from portable generators (2022)"", url: ""https://www.cpsc.gov/Newsroom/News-Releases/2022/CPSC-Releases-New-Report-on-Carbon-Monoxide-CO-Fatalities-Urges-Generator-Safety-i"
ac-not-cooling,ATTR,Per the **U.S.
ac-not-cooling,ENERGY STAR,"Leaky, poorly insulated ducts are a bigger thief than most people realize: **ENERGY STAR estimates that duct leaks can cut a system's efficiency by as much as 20%.** Check the accessible runs in your basement, attic or crawlspace for discon"
ac-not-cooling,EPA,"But diagnosis and repair require an EPA Section 608 certified technician, refrigerant isn't a DIY fix, and low charge always means a leak that needs finding, not just topping off.""   },   {     question: ""Why does my AC cool sometimes but n"
ac-troubleshooting-guide,ENERGY STAR,"- **Leaky ductwork.** According to ENERGY STAR, duct leaks can reduce a system's efficiency by **as much as 20%**, that's conditioned air you paid for, leaking into your attic or crawlspace."
ac-troubleshooting-guide,DOE,"- **Thermostat habits.** Per the DOE, a programmable thermostat can save you **up to 10% a year on heating and cooling** by easing the temperature back while you're away, and each degree closer to the outdoor temperature saves energy."
ac-troubleshooting-guide,DOE,And DOE notes cranking it colder than you need doesn't cool any faster; it just runs up the bill.
air-conditioner-types,DOE,"Efficiency figures are sourced to the DOE, ENERGY STAR, and AHRI, linked at the bottom, and we recommend no specific brands."
air-conditioner-types,DOE,"- **Cons:** the highest upfront cost ($3,500–$12,000, more with new ductwork), requires professional installation and ductwork, and **poorly sealed ducts waste energy, with the DOE putting duct air losses at about 30% of a cooling system's "
air-purifier-guide,EPA,"According to the EPA, Americans spend about 90% of their time indoors, where concentrations of some pollutants are often 2 to 5 times higher than outdoors, so cleaning that air is worth understanding."
air-purifier-guide,EPA,"The EPA says portable HEPA air cleaners can help reduce airborne virus concentrations as part of a layered approach, not as a standalone solution, but a valuable added layer."
air-purifier-guide,EPA,"## How we sourced this page The filtration facts (HEPA capturing 99.97% at 0.3 microns, the physics of the Most Penetrating Particle Size) and the ""Americans spend about 90% of their time indoors, where some pollutant concentrations run 2 t"
air-purifier-guide,ENERGY STAR,"Energy-efficiency certification is per **ENERGY STAR.** We deliberately do not recommend specific products or list model prices, which change constantly, the right unit depends on your room size and primary concern, which the CADR and techn"
air-purifier-guide,EPA,"<SourcesBox sources={[   { title: ""EPA: Guide to Air Cleaners in the Home (HEPA, CADR, ozone-generating devices)"", url: ""https://www.epa.gov/indoor-air-quality-iaq/guide-air-cleaners-home"" },   { title: ""EPA: Report on the Environment, Indo"
air-purifier-sizing-guide,EPA,## Placement and use The EPA recommends choosing an air cleaner sized for the room you use it in.
hepa-filter-explained,EPA,The EPA recommends choosing an air cleaner sized for the room you use it in.
uv-light-hvac-systems,EPA,Disinfecting moving air is harder: the EPA notes that the brief exposure as air passes a lamp may not be enough to kill most bacteria and mold spores.
uv-light-hvac-systems,EPA,"In moving air, the EPA's guide to air cleaners notes that typical residential UV systems may not provide enough exposure to kill most bacteria and mold spores, though they can help keep surfaces such as coils from growing them."
uv-light-hvac-systems,EPA,"For disinfecting moving air, the EPA notes that typical residential systems may not give enough exposure to kill most microorganisms."
battery-watt-hours,ATTR,"Spare lithium-ion batteries up to 100 Wh in carry-on bags, and 101 to 160 Wh with the airline's approval, according to the FAA."
solar-panel-calculator,NREL,"For your address, roof angle and direction, NREL's free PVWatts calculator estimates production from local weather data."
solar-panel-calculator,NREL,"<SourcesBox sources={[   { title: ""NREL: PVWatts calculator (location-specific production estimates)"", url: ""https://pvwatts.nrel.gov/"" },   { title: ""IRS: Residential Clean Energy Credit (25D)"", url: ""https://www.irs.gov/credits-deductions"
dehumidifier-and-ac-same-time,ENERGY STAR,ENERGY STAR notes that a dehumidifier slightly warms the space around it.
dehumidifier-and-ac-same-time,EPA,"Between 30% and 50%, and below 60%, according to the EPA and ENERGY STAR."
dehumidifier-guide,EPA,"Every figure here is sourced to the EPA, AHAM, the DOE, or ENERGY STAR, linked at the bottom, and we recommend no specific brands."
dehumidifier-guide,EPA,"**A dehumidifier removes excess moisture from indoor air, and the right one depends on your room size, how damp the space is, and whether you need portable or whole-house coverage.** The EPA recommends keeping indoor humidity between 30 and"
dehumidifier-guide,EPA,"## Why excess humidity matters The EPA recommends keeping indoor relative humidity between 30 and 50%, and always below 60%."
dehumidifier-guide,DOE,"*(Note: these pint ratings are on the current DOE/AHAM test standard, which changed in 2019 to a cooler, more realistic test condition."
dehumidifier-running-cost,EPA,"## How to cut the cost - **Set it to 50%, not lower.** The EPA recommends keeping indoor humidity between 30% and 50%, and below 60%."
how-does-humidity-affect-temperature,EPA,"Indoors, the EPA recommends keeping humidity between 30% and 50%, and below 60%.** ## Why humid air feels hotter Evaporating sweat carries heat away from the skin."
how-does-humidity-affect-temperature,EPA,"## The range to aim for The EPA recommends 30% to 50% indoors, and below 60% to limit mold and dust mites."
how-does-humidity-affect-temperature,ATTR,"At 90°F, the heat index rises from about 91°F at 40% humidity to 106°F at 70%, according to the NWS heat index equation."
how-does-humidity-affect-temperature,EPA,"Between 30% and 50%, according to the EPA; in cold climates during winter, 30% to 40% avoids window condensation."
ideal-indoor-humidity-level,EPA,"<DataChart   title=""Indoor Relative Humidity: The Safe Range""   desc=""Below 30% is too dry; 30 to 50 percent is the ideal range; 50 to 60 percent is rising risk; above 60 percent invites mold and dust mites.""   format=""number""   yLabel=""Rel"
ideal-indoor-humidity-level,EPA,"Per the EPA, above about 70% humidity on a damp surface, mold can start growing within **one to two days**, which is why the standard advice after any leak or flood is to dry everything out within 24 to 48 hours."
ideal-indoor-humidity-level,EPA,"## Frequently asked questions **What is the ideal indoor humidity level?** Between 30% and 50% relative humidity, and always below 60%, per the EPA."
ideal-indoor-humidity-level,EPA,"The EPA says to keep indoor humidity below 60%, because above that, mold, dust mites, and condensation all become significantly more likely."
what-size-dehumidifier-do-i-need,ENERGY STAR,"## When a whole-home dehumidifier makes sense If you have central air and humidity stays above 55% throughout the house, ENERGY STAR notes a whole-home dehumidifier installed in the ductwork may be the better choice."
what-size-dehumidifier-do-i-need,ENERGY STAR,"## Getting the most from it - **Set it to 30 to 50% humidity**, the range ENERGY STAR and the EPA recommend; in cold climates during heating season, 30 to 40% avoids window condensation."
duct-leakage-testing,ENERGY STAR,"**ENERGY STAR says that in a typical house, about 20 to 30% of the air moving through the ducts is lost to leaks, holes and poorly connected ducts, and the DOE puts duct air losses at about 30% of a cooling system's energy."
duct-leakage-testing,ENERGY STAR,ENERGY STAR says leaky ducts can reduce heating and cooling efficiency by as much as 20%.
duct-leakage-testing,ENERGY STAR,"About 20 to 30% of the air moving through the ducts in a typical house, according to ENERGY STAR."
flexible-vs-rigid-ductwork,DOE,"The DOE puts duct air losses at about 30% of a cooling system's energy, and ENERGY STAR says leaky ducts can reduce heating and cooling efficiency by as much as 20%."
electrical-wiring-guide,ESFI,"One thing to be clear about throughout: **electrical wiring is safety-critical work, and most of it requires a licensed electrician, a permit, and inspection.** Getting wire and breaker sizing wrong is a genuine fire hazard, according to th"
electrical-wiring-guide,ESFI,"These requirements apply to new work and renovations, but an electrician can retrofit both into an older home to improve safety, ESFI specifically recommends it for homes over 40 years old."
electrical-wiring-guide,NEC,"This is why NEC 240.4 requires the breaker to be sized to protect the conductor, not the appliance."
how-many-amps-does-a-house-use,PRECISION,"""How many amps does a house use"" has two answers: how much it draws on average, which is surprisingly little, and how much it can draw at once, which is what the electrical service is sized for."
how-many-amps-does-a-house-use,PRECISION,"About 5 amps on average at 240 volts, from about 863 kWh a month, but it needs service sized for its peak, typically 100 to 200 amps."
power-consumption-calculator,EIA,"About 10,356 kWh a year, or about 863 kWh a month, according to EIA 2024 data."
wire-for-220-volt,NEC,"Continuous loads need 25% more (the EV charger trap).** The NEC requires circuits for continuous loads (anything drawing for 3+ hours, like an EV charger or an electric heater) to be sized at 125% of the load."
wire-for-220-volt,NEC,"The NEC recommends keeping voltage drop under 3% on a branch circuit, and a long run can require going up a wire size (or more) to stay within that, even though the ampacity table says the smaller wire is ""fine."" An EV charger 150 feet from"
wire-gauge-chart,NEC,The NEC recommends keeping voltage drop **under 3% on a branch circuit** (under 5% total including the feeder).
wire-gauge-chart,NEC,"Two factors require you to reduce them: **Conduit fill (NEC 310.15(C)(1)), when more than three current-carrying conductors share a raceway:** | Conductors | Adjustment | |------------|-----------| | 1–3 | 100% (no derating) | | 4–6 | 80% |"
wire-gauge-chart,NEC,"| Application | Circuit | Typical wire | Typical breaker | |-------------|---------|-------------|-----------------| | Lighting | 120V, 15A | 14 AWG | 15A | | Outlets (kitchen, bath, general 20A) | 120V, 20A | 12 AWG | 20A | | Central AC (2"
wire-gauge-chart,NEC,"But you can't always use the highest number, NEC 110.14(C) requires using the column matching your lowest-rated component (usually 75°C breakers), and NM-B cable must use the 60°C column per NEC 334.80."
how-many-kwh-per-day-is-normal,EIA,"household uses about 28.4 kWh per day, which is about 863 kWh per month or 10,356 kWh per year, according to EIA 2024 data.** But ""normal"" ranges widely, from about 16.3 kWh/day in Hawaii to about 39.5 kWh/day in Louisiana, driven mostly by"
how-many-kwh-per-day-is-normal,EIA,"Energy Information Administration (EIA), 2024 data**, which reports average residential electricity consumption."
how-to-read-electric-meter,EIA,"About 863 kWh on average in the U.S., according to EIA 2024 data, though it varies widely with climate, home size and heating fuel."
how-to-read-electric-meter,PRECISION,"About 863 kWh on average in the U.S., according to EIA 2024 data, though it varies widely with climate, home size and heating fuel."
kwh-cost-calculator,ATTR,"household about 18 cents: 18.19 cents from January through July 2026, according to the U.S."
kwh-cost-calculator,EIA,"About 18 cents on average in the U.S.: 18.19 cents from January through July 2026, per the EIA."
kwh-cost-calculator,PRECISION,"About 18 cents on average in the U.S.: 18.19 cents from January through July 2026, per the EIA."
kwh-cost-calculator,PRECISION,"North Dakota, at 12.36 cents per kWh on average from January through July 2026, followed by Nebraska (12.90) and Idaho (12.96)."
kwh-cost-calculator,PRECISION,About 863 kWh on average in the U.S.
hvac-energy-saving-tips,DOE,"import { SourcesBox, RelatedArticles } from '@/components' # HVAC Energy Saving Tips Heating and cooling are the largest energy users in most homes, about 32% of household energy use according to the DOE."
hvac-energy-saving-tips,DOE,"**The biggest low-cost savings come from thermostat setbacks (as much as 10% a year, per the DOE), sealing air leaks (10% to 20% on heating and cooling bills) and clean filters (5% to 15% lower air conditioner energy use)."
hvac-energy-saving-tips,DOE,"**Set back the thermostat.** Turning it down 7 to 10°F for 8 hours a day in fall and winter can save as much as 10% a year, according to the DOE; with a heat pump, use a thermostat designed for heat pumps."
hvac-energy-saving-tips,DOE,**Use ceiling fans in summer.** The DOE says a ceiling fan lets you raise the thermostat about 4°F with no loss in comfort; turn fans off when you leave the room.
hvac-energy-saving-tips,DOE,"**Set the fan to Auto.** The DOE recommends Auto rather than On, unless your system is set up to run continuously for air quality."
hvac-energy-saving-tips,DOE,**Change filters.** The DOE says clean filters can lower an air conditioner's energy use by 5% to 15%; check them monthly in heavy-use seasons.
hvac-energy-saving-tips,DOE,"**Seal air leaks.** Caulking and weatherstripping can save 10% to 20% on heating and cooling bills, according to the DOE."
hvac-energy-saving-tips,ENERGY STAR,**Seal and insulate ducts.** ENERGY STAR says leaky ducts can reduce heating and cooling efficiency by as much as 20%; see [duct leakage testing](/duct-leakage-testing).
hvac-energy-saving-tips,DOE,"**Add storm windows.** Low-e storm windows can save 10% to 30% on heating and cooling, depending on your existing windows, according to the DOE."
hvac-energy-saving-tips,ENERGY STAR,"**Get a pre-season tune-up**, the cooling system in spring and heating in fall, as ENERGY STAR recommends."
hvac-energy-saving-tips,ENERGY STAR,"**Choose efficient equipment.** ENERGY STAR says its certified furnaces are 15% more efficient than conventional models, and the DOE says heat pumps can cut heating electricity by about half compared with electric furnaces and baseboard hea"
hvac-energy-saving-tips,DOE,"Thermostat setbacks: the DOE says turning it down 7 to 10°F for 8 hours a day can save as much as 10% a year, at no cost."
hvac-energy-saving-tips,DOE,"Yes, if you raise the thermostat while they run; the DOE says about 4°F with no loss in comfort."
hvac-energy-saving-tips,DOE,"10% to 20% on heating and cooling bills, according to the DOE."
eer-chart-for-ac-units,ENERGY STAR,- **Around 11:** the level ENERGY STAR requires for split heat pumps (at least 11.0 EER2).
eer-chart-for-ac-units,ENERGY STAR,"About 11 or higher for a central system or heat pump, the level ENERGY STAR requires for split heat pumps."
hspf-rating-explained,ENERGY STAR,"The federal minimum for split heat pumps is 7.5 HSPF2, and ENERGY STAR requires at least 7.8."
hspf-rating-explained,ENERGY STAR,"For cold climates, look at a model's capacity and COP at 5°F, which ENERGY STAR's cold-climate criteria and NEEP's cold-climate list report; see [heat pumps in cold weather](/heat-pump-in-cold-weather)."
merv-rating-chart,ASHRAE,"capture of 0.3-1.0 micron particles""   data={[     { label: ""MERV 8"", value: 0, note: ""not E1-rated"" },     { label: ""MERV 11"", value: 20 },     { label: ""MERV 13"", value: 50 },     { label: ""MERV 14"", value: 75 },     { label: ""MERV 16"", v"
merv-rating-chart,EPA,"It starts capturing bacteria and virus-carrying particles, and it's what the EPA recommends where the system can handle it; the EPA also notes that filters rated MERV 7 to 13 are nearly as effective as true HEPA filters for most airborne in"
merv-rating-chart,EPA,"MERV 8 is a solid default; MERV 11 helps with pets and allergies; and MERV 13 gives the most filtration, and is what the EPA recommends, if your system can handle it."
merv-rating-chart,EPA,"It's why the EPA recommends MERV 13 for better filtration, or as high as your system allows."
cracked-heat-exchanger,CDC,The CDC reports that more than 400 people in the U.S.
furnace-blowing-cold-air,DOE,- **The filter.** Replace it if it's dirty; the DOE recommends checking furnace filters monthly or as the maker recommends.
furnace-filter-direction,DOE,"## How often to change it The DOE says clean filters can lower an air conditioner's energy use by 5 to 15%, because a clogged filter makes the blower work harder and moves less air."
furnace-guide,DOE,"The DOE standard requires furnaces manufactured on or after December 18, 2028 to be at least 95% AFUE, which phases out new non-condensing 80% units."
thermostat-temperature-winter,DOE,**The DOE says you can save as much as 10% a year on heating and cooling by turning your thermostat down 7 to 10°F for 8 hours a day in fall and winter.
thermostat-temperature-winter,DOE,"As much as 10% a year on heating and cooling, according to the DOE, by setting it back 7 to 10°F for 8 hours a day."
thermostat-temperature-winter,DOE,"A house loses heat more slowly when it's cooler inside, so setbacks save more than the energy used to warm back up, according to the DOE."
generator-guide,EIA,"## Fuel | Fuel | Energy content (EIA) | Notes | |---|---|---| | Gasoline | about 120,214 BTU per gallon | Widely available; goes stale in storage | | Propane | about 91,452 BTU per gallon | Stores for years; more gallons for the same output"
portable-generator-safety-tips,CPSC,**The CPSC reports about 85 deaths a year from carbon monoxide from portable generators.
portable-generator-safety-tips,CPSC,"<SourcesBox sources={[   { title: ""CPSC: Generators safety (carbon monoxide, 20 feet from the house)"", url: ""https://www.cpsc.gov/Safety-Education/Safety-Education-Centers/Generators"" },   { title: ""CPSC: Portable generator carbon monoxide "
what-size-generator-for-fridge,FDA,"One safety note from the FDA: when power is restored, check temperatures."
what-size-generator-for-fridge,FDA,"**How long does food stay safe if I can't run the generator?** Per the FDA and CDC, a refrigerator keeps food safe about 4 hours with the door closed, a full freezer about 48 hours (24 if half full)."
air-source-vs-ground-source-heat-pump,ENERGY STAR,"Yes, especially cold-climate models; ENERGY STAR's cold-climate criteria require at least 70% of rated capacity at 5°F."
heat-pump-electricity-usage,ENERGY STAR,ENERGY STAR requires at least 7.8 HSPF2 and 15.2 SEER2 for split heat pumps.
heat-pump-electricity-usage,PRECISION,"About 1,031 kWh a month on average for a 2,000 sq ft home in a mixed climate, more in winter and summer and less in between."
heat-pump-guide,DOE,"Every figure is sourced to the DOE, ENERGY STAR, the IRS, or AHRI, linked at the bottom, and we recommend no specific brands."
heat-pump-guide,DOE,## Maintenance Heat pumps need modest but real maintenance: - **Check and replace air filters every 1 to 3 months.** A clogged filter restricts airflow and cuts efficiency (the DOE says clean filters can lower an air conditioner's energy us
heat-pump-in-cold-weather,ENERGY STAR,"ENERGY STAR notes heat pumps keep running below 5°F, and cold-climate models are designed for it."
heat-pump-running-cost-calculator,DOE,- **Keep filters and coils clean.** The DOE says clean filters can lower an air conditioner's energy use by 5 to 15%.
heat-pump-running-cost-calculator,PRECISION,"About $186 a month on average for a 2,000 sq ft home with average insulation in a mixed climate at 18 cents per kWh, more in winter and summer and less in between."
heat-pump-tax-credits-2026,ENERGY STAR,"Some pages, including ENERGY STAR's own heat pump product pages, still say the credit runs through 2032."
central-ac-cost-to-install,EPA,"Refrigerant recovery and charging legally require an EPA Section 608-certified technician, which is one reason central air isn't a DIY job."
central-ac-cost-to-install,EPA,"Handling refrigerant requires EPA Section 608 certification, the electrical work usually needs a permit, and a DIY install can void the equipment warranty."
central-air-conditioner-guide,DOE,"## Maintenance and lifespan The DOE says clean filters can lower an air conditioner's energy use by 5 to 15%; change or clean them on schedule, and keep the outdoor unit clear."
central-air-conditioner-guide,DOE,"15 to 20 years, according to the DOE, with regular maintenance."
hvac-system-lifespan,ENERGY STAR,"ENERGY STAR suggests considering replacement when a heat pump or air conditioner is more than 10 years old, or a furnace or boiler more than 15, especially if it needs frequent repairs and your bills are rising.** <CalcWrapper calculator=""h"
hvac-system-lifespan,ENERGY STAR,"ENERGY STAR says an ENERGY STAR furnace is 15% more efficient than a conventional one, and an ENERGY STAR boiler 5% more efficient than a new standard model."
hvac-system-lifespan,ENERGY STAR,"- **Get a pre-season tune-up**, the cooling system in spring and the heating system in fall, as ENERGY STAR recommends; see [HVAC maintenance cost](/hvac-maintenance-cost)."
hvac-system-lifespan,DOE,"A central air conditioner lasts 15 to 20 years, according to the DOE, and a room unit 10 to 15."
hvac-cost-by-state,EIA,"North Dakota, at 12.36 cents per kWh for January to July 2026, per the EIA."
air-duct-cleaning-worth-it,EPA,"**The EPA says duct cleaning has never been shown to prevent health problems, and isn't needed routinely."
air-duct-cleaning-worth-it,EPA,"It's worth considering when there's substantial visible mold growth inside the ducts or other parts of the system, ducts infested with insects or rodents, or so much dust and debris that it blows out of the supply registers.** ## What the E"
air-duct-cleaning-worth-it,EPA,"The EPA notes that little is known about their effectiveness and possible risks in HVAC systems, and recommends understanding what will be applied, and why, before agreeing."
air-duct-cleaning-worth-it,EPA,"Only for visible mold, vermin or heavy debris, according to the EPA."
how-often-change-hvac-filter,ENERGY STAR,"**Change a standard 1-inch HVAC filter every 1 to 3 months, and a thick 4-to-5-inch media filter every 6 to 12 months.** ENERGY STAR recommends checking your filter every month, especially during heavy-use winter and summer months, and chan"
how-often-change-hvac-filter,ENERGY STAR,- **Heavy system use.** ENERGY STAR notes that systems running more than six months a year need more frequent changes.
how-often-change-hvac-filter,ATTR,"The numbers here are sourced, not scare tactics: - **It wastes energy.** According to the **Department of Energy**, keeping a clean filter can **lower an air conditioner's energy use by 5 to 15%.** That's money leaking out of your utility b"
how-often-change-hvac-filter,ENERGY STAR,"**The monthly-look method** (what ENERGY STAR recommends): pick a memorable monthly trigger, the first of the month, or when you pay a recurring bill, and just *look* at the filter."
how-often-change-hvac-filter,DOE,"**What happens if I don't change my air filter?** A clogged filter restricts airflow; per the DOE a clean filter can lower an air conditioner's energy use by 5–15%, and a clogged one strains the system and can lead to expensive repairs or e"
how-often-change-hvac-filter,ENERGY STAR,"ENERGY STAR recommends checking monthly and changing whenever it looks dirty, rather than relying only on the calendar."
how-to-clean-ac-coils,ATTR,"**Apply the coil cleaner** to the coil per the can's directions, and let it sit the specified time (usually 5 to 15 minutes) to break down the grime."
how-to-clean-ac-coils,EPA,And any work involving the sealed refrigerant system requires an EPA-certified technician.
hvac-ductwork-guide,ENERGY STAR,"**ENERGY STAR says that in a typical house about 20 to 30% of the air moving through the ducts is lost to leaks, holes and poorly connected ducts."
hvac-ductwork-guide,ENERGY STAR,"## Leaks and sealing ENERGY STAR says leaky ducts can reduce heating and cooling efficiency by as much as 20%, and the DOE puts duct air losses at about 30% of a cooling system's energy."
hvac-ductwork-guide,EPA,"## Cleaning The EPA says duct cleaning has never been shown to prevent health problems, and isn't needed routinely."
hvac-ductwork-guide,ENERGY STAR,"About 20 to 30% of the air moving through them in a typical house, according to ENERGY STAR."
hvac-ductwork-guide,EPA,"Only for visible mold, vermin or heavy debris, according to the EPA; routine cleaning hasn't been shown to improve health."
hvac-maintenance-checklist,ENERGY STAR,"**The core of HVAC maintenance is simple: check your filter monthly, keep the outdoor unit clear, and get a professional tune-up once a year (AC in spring, heating in fall).** ENERGY STAR recommends those annual pre-season check-ups, and th"
hvac-maintenance-checklist,DOE,"A clogged filter restricts airflow, makes the system work harder, and per the DOE can increase energy use by 5–15%."
hvac-maintenance-checklist,DOE,"Per the DOE, setting it back when you're away (and using programmable schedules) meaningfully cuts cooling and heating costs."
hvac-maintenance-checklist,ENERGY STAR,"According to **ENERGY STAR's maintenance checklist**, a professional pre-season tune-up should include: - **Checking and adjusting the refrigerant level.** Too much or too little refrigerant makes the system less efficient and shortens equi"
hvac-maintenance-checklist,EPA,"Handling refrigerant is federally regulated (EPA Section 608) and requires certification, this is not a DIY task."
hvac-maintenance-checklist,DOE,"A well-maintained system runs more efficiently (a dirty filter alone can raise an air conditioner's energy use by 5–15%, per the DOE), breaks down less often, and lasts longer, delaying an expensive replacement."
hvac-maintenance-checklist,ENERGY STAR,"ENERGY STAR recommends these pre-season check-ups, and scheduling in the shoulder seasons is cheaper and easier than booking during a heat wave or cold snap."
hvac-maintenance-cost,ENERGY STAR,"ENERGY STAR recommends a pre-season checkup by a contractor, the cooling system in spring and the heating system in fall, plus filter changes you handle yourself."
hvac-maintenance-cost,DOE,The DOE says clean filters can lower an air conditioner's energy use by 5 to 15%.
hvac-maintenance-cost,ENERGY STAR,ENERGY STAR recommends a pre-season checkup: the cooling system in spring and the heating system in fall.
carbon-monoxide-detector-guide,CDC,"According to the CDC, unintentional, non-fire-related CO poisoning causes **more than 400 deaths a year** in the U.S."
carbon-monoxide-detector-guide,UL,"<DataChart   title=""UL 2034 CO Alarm Response Thresholds""   desc=""At 70 ppm, a UL-listed alarm must sound within 60 to 240 minutes; at 150 ppm within 10 to 50 minutes; at 400 ppm within 4 to 15 minutes.""   format=""number""   yLabel=""CO conce"
carbon-monoxide-detector-guide,UL,"Higher concentration = faster required response."" /> | CO level | What UL 2034 requires | What it means for you | |---|---|---| | Below 30 ppm | Alarm must **not** sound (for 30 days) | Considered background; but not necessarily harmless lo"
carbon-monoxide-detector-guide,ATTR,"states (around 47) require carbon monoxide alarms in residential dwellings** through statute or building code, per the National Conference of State Legislatures (NCSL)."
carbon-monoxide-detector-guide,CDC,The CDC and CPSC recommend them whether or not your state requires them.
how-to-improve-indoor-air-quality,EPA,"The EPA notes that Americans spend about 90% of their time indoors, where concentrations of some pollutants are often 2 to 5 times higher than outdoors."
how-to-improve-indoor-air-quality,EPA,"Control humidity Keeping indoor humidity in the **40 to 50% range** (the EPA recommends staying between 30 and 50%, and below 60%) suppresses mold and dust mites, two of the most common indoor allergens."
how-to-improve-indoor-air-quality,EPA,"Test and mitigate radon **Radon is a colorless, odorless radioactive gas and the second-leading cause of lung cancer** (per the EPA), and it's a problem an air purifier can't fix."
how-to-improve-indoor-air-quality,EPA,"The EPA notes that Americans spend about 90% of their time indoors, where concentrations of some pollutants are often 2 to 5 times higher than outdoors, and identifies **radon as the second-leading cause of lung cancer** with an action leve"
how-to-improve-indoor-air-quality,EPA,"<SourcesBox sources={[   { title: ""EPA: Indoor Air Quality (IAQ)"", url: ""https://www.epa.gov/indoor-air-quality-iaq"" },   { title: ""EPA: Radon"", url: ""https://www.epa.gov/radon"" },   { title: ""EPA: Report on the Environment, Indoor Air Qual"
voc-in-home-sources,EPA,"**According to the EPA, concentrations of many VOCs are consistently higher indoors than outdoors, up to ten times higher, and activities such as paint stripping can push levels to 1,000 times outdoor background."
voc-in-home-sources,EPA,"The EPA reports that concentrations of many VOCs are consistently higher indoors than outdoors, up to ten times higher, and that activities such as paint stripping can raise levels to 1,000 times outdoor background."
voc-in-home-sources,EPA,"Paints, cleaners, air fresheners, aerosol sprays, glues, stored fuels, pressed-wood furniture and dry-cleaned clothing, according to the EPA."
indoor-air-quality-testing,EPA,"The EPA recommends testing every home, and fixing it when the level is 4 picocuries per liter (pCi/L) or more."
indoor-air-quality-testing,EPA,"The EPA recommends keeping indoor humidity between 30% and 50%, and below 60%, to limit mold and dust mites."
indoor-air-quality-testing,EPA,"## Mold If you can see or smell mold, the EPA says testing usually isn't necessary: clean it up and fix the moisture that caused it."
indoor-air-quality-testing,EPA,"The EPA recommends fixing your home if radon is 4 pCi/L or higher, and considering it between 2 and 4."
indoor-air-quality-testing,EPA,"Between 30% and 50%, and below 60%, according to the EPA."
insulation-r-value-guide,ENERGY STAR,"**ENERGY STAR recommends R-60 for an uninsulated attic in climate zones 4 through 8, R-49 to R-60 in zones 2 and 3, and R-30 to R-49 in zone 1."
insulation-r-value-guide,DOE,"Heat flow is inversely proportional to R-value, so going from R-19 to R-49 cuts the heat lost through a ceiling by about 61%; seal air leaks first, which the DOE says saves 10% to 20% on heating and cooling bills.** ## What R-value means R-"
insulation-r-value-guide,ENERGY STAR,"## Recommended levels by climate zone ENERGY STAR's recommended total R-values for wood-framed houses, as published in the DOE's Energy Saver Guide: | Climate zone | Uninsulated attic | Attic with 3 to 4 inches | Uninsulated floor | |---|--"
insulation-r-value-guide,DOE,"## Seal air leaks first The DOE calls air sealing one of the quickest ways to save, worth 10% to 20% on heating and cooling bills, and recommends sealing before adding insulation."
insulation-r-value-guide,ENERGY STAR,"ENERGY STAR recommends R-60 for an uninsulated attic in zones 4 through 8, R-49 to R-60 in zones 2 and 3, and R-30 to R-49 in zone 1."
insulation-r-value-guide,DOE,The DOE recommends air sealing first; it can save 10% to 20% on heating and cooling bills on its own.
dry-mode-in-ac,EPA,"And if you want to know what humidity level you should actually be targeting, our [ideal indoor humidity guide](/ideal-indoor-humidity-level) covers the 30–50% range the EPA recommends."
how-does-a-mini-split-work,DOE,"This does two things: it saves energy (no wasteful hard restarts), and it keeps the temperature steadier and quieter, no big swings between ""too cold"" and ""too warm."" Together, the inverter compressor and zero duct loss are why, per the DOE"
how-much-does-mini-split-cost-to-run,DOE,## How to lower the cost - **Clean the filters.** The DOE says clean filters can lower an air conditioner's energy use by 5 to 15%.
how-much-does-mini-split-cost-to-run,PRECISION,"About 600 watts on average at 20 SEER2 (12,000 ÷ 20)."
mini-split-air-conditioners,AHRI,"Every figure here is sourced to AHRI, ACCA, EIA, the IRS, or the DOE, linked at the bottom, and we recommend zero specific brands or models, because the right unit depends on your home and needs."
mini-split-air-conditioners,EPA,"It involves handling refrigerant (which legally requires EPA Section 608 certification), electrical work (which may need a licensed electrician), and proper commissioning (vacuuming the lines, verifying the charge, testing airflow)."
mini-split-air-conditioners,ACCA,"Our [mini split sizing calculator](/mini-split-sizing-calculator) estimates it, and for any install, insist on a proper Manual J load calculation (per ACCA) rather than a rough guess."
mini-split-electricity-usage,ATTR,"## How to cut your mini split's electricity use These practical steps genuinely reduce consumption: **Set the temperature sensibly.** Per the Department of Energy, each degree you let the thermostat settle closer to the outdoor temperature "
mini-split-electricity-usage,DOE,"In cooling, every degree warmer you can tolerate reduces the load; the DOE notes that setting it colder than you need doesn't cool any faster, it just runs up the bill."
mini-split-electricity-usage,DOE,"**Clean the filters regularly.** A clogged filter is one of the biggest efficiency killers, per the DOE it can increase energy use by 5 to 15% by restricting airflow."
mini-split-electricity-usage,DOE,"**How can I reduce my mini split's electricity use?** Set the temperature sensibly (closer to outdoor temp), clean the filters regularly (a dirty filter can add 5 to 15% per the DOE), use dry mode in humid weather, shade the outdoor unit, a"
mini-split-vs-central-air,ENERGY STAR,"**A typical duct system loses a substantial share of the energy moving through it**, ENERGY STAR says leaky ducts can reduce heating and cooling efficiency by as much as 20%, and the DOE puts duct air losses at about 30% of a cooling system"
what-is-a-mini-split,AHRI,"The numbers back it up: the most efficient ductless systems carry certified ratings of about **35 SEER2** (per the AHRI Directory), well above what ducted systems typically reach."
what-is-a-mini-split,ENERGY STAR,"The most efficient ductless systems carry certified ratings of about 35 SEER2, and ENERGY STAR says certified mini splits use up to 60% less energy than standard electric radiators."
how-to-identify-mold,EPA,"If you can see or smell it, the EPA says testing usually isn't needed: clean it up and fix the moisture."
how-to-identify-mold,EPA,"If you can see or smell mold, the EPA says sampling usually isn't necessary, and no federal standards exist for acceptable amounts of mold."
how-to-identify-mold,EPA,"Usually not, if you can see or smell it, according to the EPA."
how-to-identify-mold,EPA,"Below 60%, and ideally 30% to 50%, according to the EPA."
moisture-barrier-crawl-space,EPA,"A basic 6-mil ground cover costs about $60 to $115 in material for 1,000 sq ft; a full encapsulation, with a heavier liner up the walls, sealed vents and usually a dehumidifier, runs into the thousands.** ## Why a crawl space needs one The "
moisture-barrier-crawl-space,EPA,"Keeping humidity below 60%, as the EPA recommends, keeps it that way."
how-to-vent-portable-ac-without-window,COUNT-PROMISE,title promises 5; H2=9 H3=0 li=10 ol=0
portable-air-conditioners,ENERGY STAR,Compare that number with what the room needs; our BTU calculator above estimates the room's load from ENERGY STAR's sizing chart.
portable-air-conditioners,ENERGY STAR,Match the unit's SACC rating to the room's cooling load; the BTU calculator above estimates the load from ENERGY STAR's chart.
hvac-refrigerant-phase-out,EPA,"## Why this is happening (the short version) Refrigerants like R-410A are potent greenhouse gases, R-410A traps roughly **2,088 times as much heat as CO₂** over 100 years (that's its GWP, per the EPA)."
r410a-vs-r32-refrigerant,UL,"A2L refrigerants are hard to ignite and burn slowly, but they can burn, so equipment is designed and tested to the UL 60335-2-40 safety standard, which can require leak detection and ventilation for larger refrigerant charges."
refrigerant-types-explained,EPA,"## The quick comparison <DataChart   title=""Refrigerant Climate Impact (GWP)""   desc=""Bar chart comparing global warming potential: R-22 is 1,810; R-410A is 2,088; R-32 is 675; R-454B is 466; R-290 is 3.""   format=""number""   yLabel=""GWP (vs"
smart-thermostat-savings,DOE,"**Up to about 10% of your heating and cooling cost, per the DOE's estimate for thermostat setbacks."
smart-thermostat-savings,DOE,"Up to about 10% of heating and cooling cost, per the DOE, or up to about $90 a year against ENERGY STAR's average of more than $900."
electric-heater-running-cost,DOE,The DOE notes that heat pumps can cut electricity used for heating by about half compared with electric furnaces and baseboard heaters.
space-heater-guide,DOE,## When a heat pump makes more sense The DOE notes that heat pumps can cut electricity used for heating by about half compared with electric resistance heat.
hvac-tax-credits-2026,DOE,"Replacing an existing heat pump with a new one doesn't qualify under DOE guidance, as South Carolina's energy office notes in its program rules."
hvac-tax-credits-2026,IRS,## Common mistakes - **Assuming the credit still applies because a website says so.** Check the installation date against the IRS rules above.
heat-pump-water-heater-guide,ENERGY STAR,**ENERGY STAR says a certified heat pump water heater uses less than half the energy of a standard electric storage water heater.
how-long-does-water-heater-last,DOE,"**According to the DOE, a storage tank water heater lasts 10 to 15 years, a tankless one about 20, a heat pump water heater 10 to 15 and a solar system about 20."
how-long-does-water-heater-last,ENERGY STAR,"ENERGY STAR advises replacing a tank water heater proactively once it's over 10 years old, before it fails.** <CalcWrapper calculator=""water-heater-lifespan"" /> ## Lifespan by type | Type | Typical lifespan (DOE) | |---|---| | Storage tank,"
how-long-does-water-heater-last,ENERGY STAR,"A heat pump water heater uses less than half the energy of a standard electric storage water heater, according to ENERGY STAR, and income-qualified households may get a HEAR rebate of up to $1,750."
how-long-does-water-heater-last,DOE,"A storage tank lasts 10 to 15 years, a tankless unit about 20, and a heat pump water heater 10 to 15, according to the DOE."
water-heater-guide,DOE,"Tanks last 10 to 15 years and tankless units about 20, according to the DOE.** ## The main types | Type | How it works | Lifespan (DOE) | |---|---|---| | Storage tank, gas or electric | Keeps a tank of water hot | 10 to 15 years | | Tankles"
water-heater-guide,ENERGY STAR,"A heat pump water heater, which ENERGY STAR says uses less than half the energy of a standard electric tank."
water-heater-guide,DOE,"10 to 15 years for tanks and heat pump water heaters, and about 20 for tankless and solar, according to the DOE."
