slug,file,cluster,page_type,words,sessions,author,dateModified,score,rates_total,rates_offrate,stale_eia,regulatory,phantom_credit,ampacity_flags,attributions,precision_stats,recompute_fail,brands,brands_list,model_codes,model_list,overclaims,count_promise_mismatch,old_tells,new_tells,em_dashes,long_paragraphs,links_broken,links_badpath,sources_count,sources_std,sources_mfr,sources_bare,related_slugs_prop,missing_h1,sourcesbox_no_url,title_overclaim,self_links,intro12
ac-tonnage-calculator,content/ac-sizing-selection/ac-tonnage-calculator.mdx,ac-sizing-selection,calculator,2051,1019,"Marko Visic, BSc Physics",2026-09-25,0,1,0,0,0,0,0,1,4,0,0,,0,,0,0,0,0,0,0,0,0,10,8,0,0,0,0,0,0,0,Two contractors walk through the same house and write down different numbers:
air-conditioner-btu-calculator,content/ac-sizing-selection/air-conditioner-btu-calculator.mdx,ac-sizing-selection,calculator,1544,901,"Marko Visic, BSc Physics",2026-09-25,0,0,0,0,0,0,0,2,5,0,0,,0,,0,0,0,0,0,0,0,0,4,4,0,0,0,0,0,0,0,Every house has one room that never cools down: the bedroom over
furnace-sizing-calculator,content/ac-sizing-selection/furnace-sizing-calculator.mdx,ac-sizing-selection,calculator,1666,558,"Marko Visic, BSc Physics",2026-09-27,0,2,0,0,0,0,0,0,18,0,0,,0,,0,0,0,0,0,0,0,0,8,6,0,0,0,0,0,0,0,"Ask three contractors what size furnace a 2,000 sq ft house needs"
heat-pump-size-calculator,content/ac-sizing-selection/heat-pump-size-calculator.mdx,ac-sizing-selection,calculator,1365,357,"Marko Visic, BSc Physics",2026-09-27,0,1,0,0,0,0,0,2,7,0,0,,0,,0,0,0,0,0,0,0,0,12,8,0,0,0,0,0,0,0,"A heat pump has two jobs, and they pull the size in"
how-many-mini-splits-do-i-need,content/ac-sizing-selection/how-many-mini-splits-do-i-need.mdx,ac-sizing-selection,explainer,719,77,"Marko Visic, BSc Physics",2026-09-28,4,0,0,0,0,0,0,0,2,0,0,,0,,2,0,0,0,0,0,0,0,4,4,0,0,0,0,0,0,0,"A mini split's indoor head heats and cools the space it's in,"
mini-split-sizing-calculator,content/ac-sizing-selection/mini-split-sizing-calculator.mdx,ac-sizing-selection,calculator,1727,624,"Marko Visic, BSc Physics",2026-09-25,0,0,0,0,0,0,0,1,2,0,0,,0,,0,0,0,0,0,0,0,0,6,4,0,0,0,0,0,0,0,"Mini splits are sized room by room, not for the whole house,"
water-heater-sizing-calculator,content/ac-sizing-selection/water-heater-sizing-calculator.mdx,ac-sizing-selection,calculator,1025,85,"Marko Visic, BSc Physics",2026-09-28,0,2,0,0,0,0,0,1,3,0,0,,0,,0,0,0,0,0,0,0,0,6,6,0,0,0,0,0,0,0,A water heater that's too small runs out halfway through the second
what-size-generator-do-i-need,content/ac-sizing-selection/what-size-generator-do-i-need.mdx,ac-sizing-selection,calculator,1578,592,"Marko Visic, BSc Physics",2026-09-25,0,0,0,0,0,0,0,2,7,0,0,,0,,0,0,0,0,0,0,0,0,8,8,0,0,0,0,0,0,0,"The power is out, or you're buying a generator before the next"
what-size-tankless-water-heater,content/ac-sizing-selection/what-size-tankless-water-heater.mdx,ac-sizing-selection,calculator,1092,305,"Marko Visic, BSc Physics",2026-09-28,0,0,0,0,0,0,0,0,4,0,0,,0,,0,0,0,0,0,0,0,0,8,8,0,0,0,0,0,0,0,"A tankless water heater never runs out, but it can run lukewarm."
ac-not-cooling,content/air-conditioners/ac-not-cooling.mdx,air-conditioners,troubleshooting,3081,1790,"Marko Visic, BSc Physics",2026-07-17,0,0,0,0,0,0,0,3,6,0,0,,0,,0,0,0,0,0,0,0,0,4,4,0,0,0,0,0,0,0,"When an air conditioner runs but blows room-temperature air, the cause is"
ac-troubleshooting-guide,content/air-conditioners/ac-troubleshooting-guide.mdx,air-conditioners,troubleshooting,1969,304,"Marko Visic, BSc Physics",2026-09-19,0,0,0,0,0,0,0,3,5,0,0,,0,,0,0,0,0,0,0,0,0,8,8,0,0,0,0,0,0,0,Your AC is doing *something* wrong. Maybe it's making a noise it
air-conditioner-types,content/air-conditioners/air-conditioner-types.mdx,window-air-conditioners,category-hub,1879,116,"Marko Visic, BSc Physics",2026-09-23,8,0,0,0,0,0,0,2,4,0,0,,0,,4,0,0,5,0,0,0,0,6,6,0,0,0,0,0,0,0,You need to cool your home (or a room) and you're trying
how-to-tilt-window-ac,content/air-conditioners/how-to-tilt-window-ac.mdx,window-air-conditioners,other,555,57,"Marko Visic, BSc Physics",2026-09-28,0,0,0,0,0,0,0,0,0,0,0,,0,,0,0,0,0,0,0,0,0,2,2,0,0,0,0,0,0,0,A window air conditioner pulls moisture out of the room air as
portable-vs-window-ac,content/air-conditioners/portable-vs-window-ac.mdx,air-conditioners,comparison,732,87,"Marko Visic, BSc Physics",2026-09-28,0,1,0,0,0,0,0,0,0,0,0,,0,,0,0,0,0,0,0,0,0,6,6,0,0,0,0,0,0,0,"Portable and window air conditioners cool a single room, but they're built"
window-air-conditioners,content/air-conditioners/window-air-conditioners.mdx,window-air-conditioners,category-hub,749,34,"Marko Visic, BSc Physics",2026-09-28,0,2,0,0,0,0,0,0,2,0,0,,0,,0,0,0,0,0,0,0,0,6,6,0,0,0,0,0,0,0,A window air conditioner is the simplest way to cool one room:
air-changes-per-hour-calculator,content/air-quality/air-changes-per-hour-calculator.mdx,air-purifiers-air-quality,calculator,561,51,"Marko Visic, BSc Physics",2026-09-28,0,0,0,0,0,0,0,0,0,0,0,,0,,0,0,0,0,0,0,0,0,6,4,0,0,0,0,0,0,0,Air changes per hour is how many times a room's full volume
air-purifier-guide,content/air-quality/air-purifier-guide.mdx,air-purifiers-air-quality,explainer,2267,50,"Marko Visic, BSc Physics",2026-09-28,14,0,0,0,0,0,0,5,11,0,0,,0,,7,0,0,7,0,0,0,0,10,10,0,0,0,0,0,1,1,"You're wondering whether an air purifier is actually worth it, and if"
air-purifier-sizing-guide,content/air-quality/air-purifier-sizing-guide.mdx,air-purifiers-air-quality,calculator,655,49,"Marko Visic, BSc Physics",2026-09-28,0,0,0,0,0,0,0,1,0,0,0,,0,,0,0,0,0,0,0,0,0,4,4,0,0,0,0,0,0,0,"An air purifier only cleans the air it moves, so the right"
hepa-filter-explained,content/air-quality/hepa-filter-explained.mdx,air-purifiers-air-quality,explainer,713,93,"Marko Visic, BSc Physics",2026-09-28,0,0,0,0,0,0,0,1,14,0,0,,0,,0,0,0,0,0,0,0,0,4,4,0,0,0,0,0,0,0,"""HEPA"" is one of the few air-filter terms with a real definition"
uv-light-hvac-systems,content/air-quality/uv-light-hvac-systems.mdx,indoor-air-quality,explainer,626,45,"Marko Visic, BSc Physics",2026-10-01,0,0,0,0,0,0,0,3,0,0,0,,0,,0,0,0,0,0,0,0,0,4,4,0,0,0,0,0,0,0,UV lights in an HVAC system use ultraviolet-C light to damage the
battery-watt-hours,content/battery-backup/battery-watt-hours.mdx,batteries-solar,calculator,580,24,"Marko Visic, BSc Physics",2026-09-28,0,0,0,0,0,0,0,1,3,0,0,,0,,0,0,0,0,0,0,0,0,4,4,0,0,0,0,0,0,0,"Watt-hours measure how much energy a battery stores, which is what decides"
home-battery-backup-guide,content/battery-backup/home-battery-backup-guide.mdx,batteries-solar,comparison,1845,112,"Marko Visic, BSc Physics",2026-09-25,2,4,0,0,0,0,0,0,6,0,0,,0,,1,0,0,4,0,0,0,0,6,6,0,0,0,0,0,1,0,"You're thinking about a home battery, to keep the lights on during"
how-many-watts-in-12v-battery,content/battery-backup/how-many-watts-in-12v-battery.mdx,batteries-solar,calculator,673,55,"Marko Visic, BSc Physics",2026-09-28,0,0,0,0,0,0,0,0,9,0,0,,0,,0,0,0,0,0,0,0,0,2,2,0,0,0,0,0,0,0,"A battery's label gives amp-hours, but what you want to know is"
solar-panel-calculator,content/battery-backup/solar-panel-calculator.mdx,batteries-solar,calculator,652,30,"Marko Visic, BSc Physics",2026-09-28,0,4,0,0,0,0,0,2,5,0,0,,0,,0,0,0,0,0,0,0,0,8,8,0,0,0,0,0,0,0,The size of a solar system comes down to how much electricity
dehumidifier-and-ac-same-time,content/dehumidifiers/dehumidifier-and-ac-same-time.mdx,dehumidifiers-humidity,explainer,559,91,"Marko Visic, BSc Physics",2026-09-28,0,0,0,0,0,0,0,2,7,0,0,,0,,0,0,0,0,0,0,0,0,4,4,0,0,0,0,0,0,0,"Yes, and sometimes it's the right call. An air conditioner removes moisture"
dehumidifier-guide,content/dehumidifiers/dehumidifier-guide.mdx,dehumidifiers-humidity,explainer,1861,159,"Marko Visic, BSc Physics",2026-09-21,2,2,0,0,0,0,0,4,20,0,0,,0,,1,0,0,6,0,0,0,0,6,6,0,0,0,0,0,1,3,"If your basement smells musty, your windows sweat, or you can see"
dehumidifier-running-cost,content/dehumidifiers/dehumidifier-running-cost.mdx,dehumidifiers-humidity,calculator,675,85,"Marko Visic, BSc Physics",2026-09-28,0,4,0,0,0,0,0,1,7,0,0,,0,,0,0,0,0,0,0,0,0,6,6,0,0,0,0,0,0,0,"A dehumidifier runs for hours at a time, often for months, so"
how-does-humidity-affect-temperature,content/dehumidifiers/how-does-humidity-affect-temperature.mdx,dehumidifiers-humidity,explainer,614,64,"Marko Visic, BSc Physics",2026-10-01,0,0,0,0,0,0,0,4,24,0,0,,0,,0,0,0,0,0,0,0,0,6,6,0,0,0,0,0,0,0,"Humidity doesn't change what a thermometer reads, but it changes how warm"
ideal-indoor-humidity-level,content/dehumidifiers/ideal-indoor-humidity-level.mdx,dehumidifiers-humidity,explainer,1550,482,"Marko Visic, BSc Physics",2026-09-19,0,0,0,0,0,0,0,4,57,0,0,,0,,0,0,0,0,0,0,0,0,4,4,0,0,0,0,0,0,0,"If your house feels clammy and stuffy, or so dry your throat"
what-size-dehumidifier-do-i-need,content/dehumidifiers/what-size-dehumidifier-do-i-need.mdx,dehumidifiers-humidity,calculator,708,186,"Marko Visic, BSc Physics",2026-09-28,0,0,0,0,0,0,0,2,10,0,0,,0,,0,0,0,0,0,0,0,0,8,8,0,0,0,0,0,0,0,A dehumidifier's size is its capacity: how many pints of water it
btucfm-ductwork-relationship,content/ductwork/btucfm-ductwork-relationship.mdx,ductwork-ventilation,calculator,517,15,"Marko Visic, BSc Physics",2026-09-28,0,0,0,0,0,0,0,0,0,0,0,,0,,0,0,0,0,0,0,0,0,2,2,0,0,0,0,0,0,0,"A heating or cooling system's capacity is rated in BTU per hour,"
duct-leakage-testing,content/ductwork/duct-leakage-testing.mdx,ductwork-ventilation,explainer,743,32,"Marko Visic, BSc Physics",2026-09-28,0,0,0,0,0,0,0,3,7,0,0,,0,,0,0,0,0,0,0,0,0,6,6,0,0,0,0,0,0,0,"Ducts usually run through attics, crawl spaces and wall cavities you never"
ductwork-sizing-calculator,content/ductwork/ductwork-sizing-calculator.mdx,ductwork-ventilation,calculator,731,436,"Marko Visic, BSc Physics",2026-09-28,0,0,0,0,0,0,0,0,1,0,0,,0,,0,0,0,0,0,0,0,0,4,4,0,0,0,0,0,0,0,A duct has to carry the air your system moves without too
flexible-vs-rigid-ductwork,content/ductwork/flexible-vs-rigid-ductwork.mdx,ductwork-ventilation,comparison,669,66,"Marko Visic, BSc Physics",2026-09-28,2,0,0,0,0,0,0,1,4,0,0,,0,,1,0,0,0,0,0,0,0,6,6,0,0,0,0,0,0,0,Flexible duct is a wire coil wrapped in a plastic liner and
pellet-stove-cost-to-run,content/electric-fireplaces/pellet-stove-cost-to-run.mdx,fireplaces-stoves,cost-guide,679,35,"Marko Visic, BSc Physics",2026-09-28,0,5,0,0,0,0,0,0,8,0,0,,0,,0,0,0,0,0,0,0,0,8,8,0,0,0,0,0,0,0,"A pellet stove burns compressed wood pellets fed by an auger, with"
3-phase-power-calculator,content/electrical/3-phase-power-calculator.mdx,electrical-wiring,calculator,678,299,"Marko Visic, BSc Physics",2026-09-28,0,0,0,0,0,0,0,0,3,0,0,,0,,0,0,0,0,0,0,0,0,2,2,0,0,0,0,0,0,0,"Three-phase power runs most commercial buildings, larger motors and big HVAC equipment."
electrical-panel-upgrade-cost,content/electrical/electrical-panel-upgrade-cost.mdx,electrical-wiring,cost-guide,1509,117,"Marko Visic, BSc Physics",2026-09-23,0,0,0,0,0,0,0,0,0,0,0,,0,,0,0,0,4,0,0,0,0,2,2,0,0,0,0,0,0,0,"You're planning an upgrade that needs more electrical capacity, maybe a heat"
electrical-wiring-guide,content/electrical/electrical-wiring-guide.mdx,electrical-wiring,explainer,1873,116,"Marko Visic, BSc Physics",2026-09-23,2,0,0,0,0,0,1,3,3,0,0,,0,,1,0,0,2,0,0,0,0,4,4,0,0,0,0,0,0,0,"Whether you're planning a project, trying to understand an electrician's quote, or"
how-many-amps-does-a-house-use,content/electrical/how-many-amps-does-a-house-use.mdx,electrical-wiring,explainer,631,39,"Marko Visic, BSc Physics",2026-10-01,0,0,0,0,0,0,0,0,4,0,0,,0,,0,0,0,0,0,0,0,0,4,4,0,0,0,0,0,0,0,"""How many amps does a house use"" has two answers: how much"
power-consumption-calculator,content/electrical/power-consumption-calculator.mdx,electrical-wiring,calculator,604,60,"Marko Visic, BSc Physics",2026-09-28,0,1,0,0,0,0,0,1,1,0,0,,0,,0,0,0,0,0,0,0,0,4,4,0,0,0,0,0,0,0,"Appliance nameplates and meters often give volts and amps, while your bill"
water-heater-wire-size,content/electrical/water-heater-wire-size.mdx,electrical-wiring,explainer,1550,138,"Marko Visic, BSc Physics",2026-09-23,0,0,0,0,0,0,0,0,3,0,0,,0,,0,0,0,2,0,0,0,0,6,6,0,0,0,0,0,0,1,You're installing or replacing an electric water heater and need to know
wire-for-220-volt,content/electrical/wire-for-220-volt.mdx,electrical-wiring,explainer,1559,285,"Marko Visic, BSc Physics",2026-09-20,0,0,0,0,0,0,0,2,7,0,0,,0,,0,0,0,0,0,0,0,0,2,2,0,0,0,0,0,0,1,"You're adding a dryer, an EV charger, a range or a hot"
wire-gauge-chart,content/electrical/wire-gauge-chart.mdx,electrical-wiring,explainer,1866,162,"Marko Visic, BSc Physics",2026-09-21,4,0,0,0,0,0,0,4,10,0,0,,0,,2,0,0,1,0,0,0,0,2,2,0,0,0,0,0,1,0,"You need to know what size wire a circuit calls for, whether"
heating-cost-calculator,content/energy-costs/heating-cost-calculator.mdx,energy-costs,calculator,606,72,"Marko Visic, BSc Physics",2026-09-28,0,6,0,0,0,0,0,0,11,0,0,,0,,0,0,0,0,0,0,0,0,6,6,0,0,0,0,0,0,0,"Fuels are sold in different units, at different prices, and burned or"
how-many-kwh-per-day-is-normal,content/energy-costs/how-many-kwh-per-day-is-normal.mdx,energy-costs,explainer,1371,151,"Marko Visic, BSc Physics",2026-09-22,4,0,0,0,0,0,0,2,0,0,0,,0,,2,0,0,3,0,0,0,0,4,4,0,0,0,0,0,0,0,"You're staring at your electric bill wondering: is this normal, or am"
how-to-read-electric-meter,content/energy-costs/how-to-read-electric-meter.mdx,energy-costs,explainer,639,33,"Marko Visic, BSc Physics",2026-09-28,0,1,0,0,0,0,0,1,1,0,0,,0,,0,0,0,0,0,0,0,0,4,4,0,0,0,0,0,0,0,"Your electric meter counts kilowatt-hours (kWh), the unit your bill charges for."
kwh-cost-calculator,content/energy-costs/kwh-cost-calculator.mdx,energy-costs,calculator,1371,285,"Marko Visic, BSc Physics",2026-09-28,0,5,0,0,0,0,0,2,4,0,0,,0,,0,0,0,0,0,0,0,0,6,6,0,0,0,0,0,0,0,"Your electric bill charges you for kilowatt-hours, but appliances are labeled in"
specific-heat-capacity-calculator,content/energy-costs/specific-heat-capacity-calculator.mdx,energy-costs,calculator,521,23,"Marko Visic, BSc Physics",2026-10-01,0,2,0,0,0,0,0,0,2,0,0,,0,,0,0,0,0,0,0,0,0,4,4,0,0,0,0,0,0,0,Specific heat capacity is how much energy it takes to warm one
hvac-energy-saving-tips,content/energy-efficiency/hvac-energy-saving-tips.mdx,energy-efficiency-ratings,explainer,708,9,"Marko Visic, BSc Physics",2026-10-02,0,0,0,0,0,0,0,14,20,0,0,,0,,0,0,0,0,0,0,0,0,8,8,0,0,0,0,0,0,0,"Heating and cooling are the largest energy users in most homes, about"
afue-rating-explained,content/energy-efficiency-ratings/afue-rating-explained.mdx,energy-efficiency-ratings,calculator,838,13,"Marko Visic, BSc Physics",2026-09-28,0,4,0,0,0,0,0,0,36,0,0,,0,,0,0,0,0,0,0,0,0,6,6,0,0,0,0,0,0,0,AFUE is the number that tells you how much of the gas
coefficient-of-performance,content/energy-efficiency-ratings/coefficient-of-performance.mdx,energy-efficiency-ratings,explainer,664,102,"Marko Visic, BSc Physics",2026-09-28,0,2,0,0,0,0,0,0,1,0,0,,0,,0,0,0,0,0,0,0,0,6,6,0,0,0,0,0,0,0,"A heat pump moves heat instead of making it, so it can"
eer-chart-for-ac-units,content/energy-efficiency-ratings/eer-chart-for-ac-units.mdx,energy-efficiency-ratings,explainer,676,54,"Marko Visic, BSc Physics",2026-09-28,0,1,0,0,0,0,0,2,0,0,0,,0,,0,0,0,0,0,0,0,0,8,8,0,0,0,0,0,0,0,EER tells you how efficiently an air conditioner cools on a hot
hspf-rating-explained,content/energy-efficiency-ratings/hspf-rating-explained.mdx,energy-efficiency-ratings,explainer,581,41,"Marko Visic, BSc Physics",2026-10-01,0,2,0,0,0,0,0,2,0,0,0,,0,,0,0,0,0,0,0,0,0,6,6,0,0,0,0,0,0,0,HSPF2 is the heating counterpart of SEER2: it rates how much heat
merv-rating-chart,content/energy-efficiency-ratings/merv-rating-chart.mdx,energy-efficiency-ratings,explainer,1630,345,"Marko Visic, BSc Physics",2026-09-20,0,0,0,0,0,0,0,4,27,0,0,,0,,0,0,0,0,0,0,0,0,6,6,0,0,0,0,0,0,0,Standing in front of a wall of air filters with MERV numbers
minimum-seer-rating-by-state,content/energy-efficiency-ratings/minimum-seer-rating-by-state.mdx,energy-efficiency-ratings,explainer,1579,146,"Marko Visic, BSc Physics",2026-09-22,2,0,0,0,0,0,0,0,0,0,0,,0,,1,0,0,1,0,0,0,0,4,4,0,0,0,0,0,0,0,"If you're replacing or installing a central AC or heat pump, there's"
seer2-comparison-calculator,content/energy-efficiency-ratings/seer2-comparison-calculator.mdx,seer-comparisons,calculator,999,173,"Marko Visic, BSc Physics",2026-09-28,4,5,0,0,0,0,0,0,2,0,0,,0,,2,0,0,0,0,0,0,0,10,10,0,0,0,0,0,0,0,Two quotes for the same house often differ mainly in efficiency: one
seer2-rating-explained,content/energy-efficiency-ratings/seer2-rating-explained.mdx,energy-efficiency-ratings,calculator,742,68,"Marko Visic, BSc Physics",2026-09-28,0,2,0,0,0,0,0,0,2,0,0,,0,,0,0,0,0,0,0,0,0,8,8,0,0,0,0,0,0,0,SEER2 is the number on every new central air conditioner and heat
seer2-to-seer-conversion,content/energy-efficiency-ratings/seer2-to-seer-conversion.mdx,energy-efficiency-ratings,explainer,563,45,"Marko Visic, BSc Physics",2026-09-28,0,0,0,0,0,0,0,0,0,0,0,,0,,0,0,0,0,0,0,0,0,6,6,0,0,0,0,0,0,0,"Since January 1, 2023, air conditioners and heat pumps are rated in"
evaporative-cooler-vs-ac,content/evaporative-coolers/evaporative-cooler-vs-ac.mdx,evaporative-coolers-fans,comparison,634,24,"Marko Visic, BSc Physics",2026-09-28,0,1,0,0,0,0,0,0,8,0,0,,0,,0,0,0,0,0,0,0,0,4,2,0,0,0,0,0,0,0,"An evaporative cooler, or swamp cooler, blows outdoor air through wet pads;"
boiler-vs-furnace,content/furnaces-heating/boiler-vs-furnace.mdx,furnaces-heating,comparison,637,26,"Marko Visic, BSc Physics",2026-10-01,2,3,0,0,0,0,0,0,11,0,0,,0,,1,0,0,0,0,0,0,0,4,4,0,0,0,0,0,0,0,A furnace heats air and blows it through ducts; a boiler heats
cold-air-return-vents,content/furnaces-heating/cold-air-return-vents.mdx,furnaces-heating,explainer,597,26,"Marko Visic, BSc Physics",2026-10-01,0,0,0,0,0,0,0,0,0,0,0,,0,,0,0,0,0,0,0,0,0,2,2,0,0,0,0,0,0,0,Every cubic foot of air your system blows into a room has
cracked-heat-exchanger,content/furnaces-heating/cracked-heat-exchanger.mdx,furnaces-heating,troubleshooting,655,39,"Marko Visic, BSc Physics",2026-10-01,0,0,0,0,0,0,0,1,0,0,0,,0,,0,0,0,0,0,0,0,0,4,4,0,0,0,0,0,0,0,A furnace's heat exchanger is the metal chamber that keeps burning fuel
furnace-blowing-cold-air,content/furnaces-heating/furnace-blowing-cold-air.mdx,furnaces-heating,troubleshooting,663,3,"Marko Visic, BSc Physics",2026-10-02,0,0,0,0,0,0,0,1,0,0,0,,0,,0,0,0,0,0,0,0,0,4,4,0,0,0,0,0,0,0,A furnace that blows cold air is usually telling you one of
furnace-filter-direction,content/furnaces-heating/furnace-filter-direction.mdx,furnaces-heating,explainer,539,82,"Marko Visic, BSc Physics",2026-09-28,0,0,0,0,0,0,0,1,2,0,0,,0,,0,0,0,0,0,0,0,0,2,2,0,0,0,0,0,0,0,"Every pleated furnace filter has an arrow printed on its frame, and"
furnace-guide,content/furnaces-heating/furnace-guide.mdx,furnaces-heating,explainer,2256,121,"Marko Visic, BSc Physics",2026-09-23,4,0,0,0,0,0,0,1,39,0,0,,0,,2,0,0,4,0,0,0,0,14,14,0,0,0,0,0,1,0,You're buying or replacing a furnace and want to understand your options
furnace-installation-cost,content/furnaces-heating/furnace-installation-cost.mdx,furnaces-heating,cost-guide,647,4,"Marko Visic, BSc Physics",2026-10-02,0,1,0,0,0,0,0,0,19,0,0,,0,,0,0,0,0,0,0,0,0,6,6,0,0,0,0,0,0,0,"A new furnace's price depends mostly on its type and efficiency, and"
furnace-leaking-water,content/furnaces-heating/furnace-leaking-water.mdx,furnaces-heating,troubleshooting,692,86,"Marko Visic, BSc Physics",2026-10-01,0,0,0,0,0,0,0,0,3,0,0,,0,,0,0,0,0,0,0,0,0,4,4,0,0,0,0,0,0,0,Water around a furnace usually has a simple source: the drain that
furnace-vs-heat-pump,content/furnaces-heating/furnace-vs-heat-pump.mdx,furnaces-heating,calculator,858,19,"Marko Visic, BSc Physics",2026-09-28,0,6,0,0,0,0,0,0,2,0,0,,0,,0,0,0,0,0,0,0,0,8,8,0,0,0,0,0,0,0,A heat pump heats and cools with one machine; a gas furnace
gas-furnace-wattage,content/furnaces-heating/gas-furnace-wattage.mdx,furnaces-heating,calculator,584,6,"Marko Visic, BSc Physics",2026-10-02,0,3,0,0,0,0,0,0,0,0,0,,0,,0,0,0,0,0,0,0,0,4,4,0,0,0,0,0,0,0,"A gas furnace burns gas for heat, but it still needs electricity"
gas-vs-electric-heating-cost,content/furnaces-heating/gas-vs-electric-heating-cost.mdx,furnaces-heating,calculator,811,109,"Marko Visic, BSc Physics",2026-09-28,0,8,0,0,0,0,0,0,5,0,0,,0,,0,0,0,0,0,0,0,0,4,4,0,0,0,0,0,0,0,"Gas and electricity are sold in different units, at different prices, and"
pilot-light-gas-usage,content/furnaces-heating/pilot-light-gas-usage.mdx,furnaces-heating,explainer,502,42,"Marko Visic, BSc Physics",2026-10-01,0,4,0,0,0,0,0,0,0,0,0,,0,,0,0,0,0,0,0,0,0,2,2,0,0,0,0,0,0,0,A standing pilot light burns a small gas flame around the clock
thermostat-temperature-winter,content/furnaces-heating/thermostat-temperature-winter.mdx,furnaces-heating,explainer,577,13,"Marko Visic, BSc Physics",2026-10-02,2,0,0,0,0,0,0,3,6,0,0,,0,,1,0,0,0,0,0,0,0,6,6,0,0,0,0,0,0,0,The best winter setting is the lowest one that keeps you comfortable
generator-guide,content/generators/generator-guide.mdx,generators,comparison,716,33,"Marko Visic, BSc Physics",2026-10-01,0,0,0,0,0,0,0,1,2,0,0,,0,,0,0,0,0,0,0,0,0,6,6,0,0,0,0,0,0,0,"A generator keeps the lights, fridge, furnace blower and sump pump running"
how-many-amps-does-generator-produce,content/generators/how-many-amps-does-generator-produce.mdx,generators,calculator,504,27,"Marko Visic, BSc Physics",2026-09-28,0,0,0,0,0,0,0,0,0,0,0,,0,,0,0,0,0,0,0,0,0,2,2,0,0,0,0,0,0,0,"A generator's rating is in watts, but outlets, cords and transfer switches"
portable-generator-safety-tips,content/generators/portable-generator-safety-tips.mdx,generators,explainer,600,22,"Marko Visic, BSc Physics",2026-10-02,0,0,0,0,0,0,0,2,0,0,0,,0,,0,0,0,0,0,0,0,0,4,4,0,0,0,0,0,0,0,"A portable generator keeps essentials running in an outage, but its exhaust"
propane-generator-usage-per-hour,content/generators/propane-generator-usage-per-hour.mdx,generators,explainer,750,71,"Marko Visic, BSc Physics",2026-09-28,0,0,0,0,0,0,0,0,7,0,0,,0,,0,0,0,0,0,0,0,0,4,4,0,0,0,0,0,0,0,A generator's propane use depends on how much power you're drawing from
what-size-generator-for-fridge,content/generators/what-size-generator-for-fridge.mdx,generators,explainer,1585,271,"Marko Visic, BSc Physics",2026-09-22,0,0,0,0,0,0,0,2,4,0,0,,0,,0,0,0,0,0,0,0,0,6,6,0,0,0,0,0,0,0,"The power's out (or you're prepping for when it is), and the"
air-source-vs-ground-source-heat-pump,content/heat-pumps/air-source-vs-ground-source-heat-pump.mdx,heat-pumps,comparison,699,58,"Marko Visic, BSc Physics",2026-10-01,0,2,0,0,0,0,0,1,2,0,0,,0,,0,0,0,0,0,0,0,0,6,6,0,0,0,0,0,0,0,Both are heat pumps: they move heat instead of making it. An
heat-pump-cost-to-install,content/heat-pumps/heat-pump-cost-to-install.mdx,heat-pumps,cost-guide,1646,141,"Marko Visic, BSc Physics",2026-09-22,2,0,0,0,0,0,0,0,3,0,0,,0,,1,0,0,5,0,0,0,0,8,8,0,0,0,0,0,1,0,You're considering a heat pump and the first thing you need is
heat-pump-electricity-usage,content/heat-pumps/heat-pump-electricity-usage.mdx,heat-pumps,calculator,659,59,"Marko Visic, BSc Physics",2026-10-01,2,1,0,0,0,0,0,1,2,0,0,,0,,1,0,0,0,0,0,0,0,4,4,0,0,0,0,0,0,0,A heat pump's electricity use depends on how much heating and cooling
heat-pump-guide,content/heat-pumps/heat-pump-guide.mdx,heat-pumps,explainer,2584,51,"Marko Visic, BSc Physics",2026-09-28,14,8,0,0,0,0,0,2,9,0,0,,0,,7,0,0,9,0,0,0,0,16,16,0,0,0,0,0,1,1,The question you actually want answered is simple: **is a heat pump
heat-pump-in-cold-weather,content/heat-pumps/heat-pump-in-cold-weather.mdx,heat-pumps,explainer,783,34,"Marko Visic, BSc Physics",2026-09-28,0,0,0,0,0,0,0,1,10,0,0,,0,,0,0,0,0,0,0,0,0,6,4,0,0,0,0,0,0,0,"A heat pump pulls heat out of outdoor air, which sounds impossible"
heat-pump-running-cost-calculator,content/heat-pumps/heat-pump-running-cost-calculator.mdx,heat-pumps,calculator,716,39,"Marko Visic, BSc Physics",2026-09-28,0,10,0,0,0,0,0,1,8,0,0,,0,,0,0,0,0,0,0,0,0,6,6,0,0,0,0,0,0,0,"A heat pump's electric bill comes from two jobs, heating in winter"
heat-pump-tax-credits-2026,content/heat-pumps/heat-pump-tax-credits-2026.mdx,heat-pumps,explainer,967,98,"Marko Visic, BSc Physics",2026-09-28,0,0,0,0,0,0,0,1,20,0,0,,0,,0,0,0,0,0,0,0,0,14,14,0,0,0,0,0,0,0,"Until the end of 2025, a new heat pump came with a"
central-ac-cost-to-install,content/hvac-brands/central-ac-cost-to-install.mdx,central-air-hvac-systems,cost-guide,1429,22,"Marko Visic, BSc Physics",2026-09-25,0,1,0,0,0,0,0,2,2,0,0,,0,,0,0,0,0,0,0,0,0,10,10,0,0,0,0,0,0,0,"Three contractors can quote the same house thousands of dollars apart, and"
central-air-conditioner-guide,content/hvac-brands/central-air-conditioner-guide.mdx,central-air-hvac-systems,explainer,713,46,"Marko Visic, BSc Physics",2026-09-28,0,2,0,0,0,0,0,2,2,0,0,,0,,0,0,0,0,0,0,0,0,8,8,0,0,0,0,0,0,0,"Central air cools the whole house from one system: an outdoor unit,"
hvac-serial-number-decoder,content/hvac-brands/hvac-serial-number-decoder.mdx,central-air-hvac-systems,other,1594,343,"Marko Visic, BSc Physics",2026-09-20,0,0,0,0,0,0,0,0,0,0,0,,0,,0,0,0,0,0,0,0,0,1,0,1,0,0,0,0,0,0,You're standing at your outdoor unit trying to figure out one thing:
hvac-system-lifespan,content/hvac-brands/hvac-system-lifespan.mdx,central-air-hvac-systems,explainer,613,22,"Marko Visic, BSc Physics",2026-10-02,0,0,0,0,0,0,0,4,2,0,0,,0,,0,0,0,0,0,0,0,0,6,6,0,0,0,0,0,0,0,"Heating and cooling equipment rarely fails without warning, but it does wear"
hvac-cost-by-state,content/hvac-costs-by-state/hvac-cost-by-state.mdx,hvac-costs-location,cost-guide,1061,12,"Marko Visic, BSc Physics",2026-09-28,0,2,0,0,0,0,0,1,0,0,0,,0,,0,0,0,0,0,0,0,0,8,8,0,0,0,0,0,0,0,The same air conditioner costs very different amounts to own depending on
air-duct-cleaning-worth-it,content/hvac-maintenance/air-duct-cleaning-worth-it.mdx,hvac-maintenance,explainer,603,31,"Marko Visic, BSc Physics",2026-10-01,0,0,0,0,0,0,0,4,2,0,0,,0,,0,0,0,0,0,0,0,0,4,4,0,0,0,0,0,0,0,"Duct cleaning is sold as a health and efficiency upgrade, but the"
how-often-change-hvac-filter,content/hvac-maintenance/how-often-change-hvac-filter.mdx,hvac-maintenance,explainer,1391,214,"Marko Visic, BSc Physics",2026-09-20,0,0,0,0,0,0,0,6,3,0,0,,0,,0,0,0,0,0,0,0,0,4,4,0,0,0,0,0,0,0,"You know you're supposed to change your HVAC filter, but the nagging"
how-to-clean-ac-coils,content/hvac-maintenance/how-to-clean-ac-coils.mdx,hvac-maintenance,explainer,1814,128,"Marko Visic, BSc Physics",2026-09-23,6,0,0,0,0,0,0,2,1,0,0,,0,,3,0,0,2,0,0,0,0,4,4,0,0,0,0,0,0,0,Your AC is running but not cooling as well as it used
hvac-ductwork-guide,content/hvac-maintenance/hvac-ductwork-guide.mdx,hvac-maintenance,explainer,783,57,"Marko Visic, BSc Physics",2026-09-28,0,0,0,0,0,0,0,5,7,0,0,,0,,0,0,0,0,0,0,0,0,10,10,0,0,0,0,0,0,0,"Ducts carry every BTU your furnace, air conditioner or heat pump produces,"
hvac-maintenance-checklist,content/hvac-maintenance/hvac-maintenance-checklist.mdx,hvac-maintenance,explainer,1546,59,"Marko Visic, BSc Physics",2026-09-20,2,0,0,0,0,0,0,7,3,0,0,,0,,1,0,0,3,0,0,0,0,6,6,0,0,0,0,0,0,0,"You want your HVAC system to just work, without a surprise breakdown"
hvac-maintenance-cost,content/hvac-maintenance/hvac-maintenance-cost.mdx,hvac-maintenance,cost-guide,630,56,"Marko Visic, BSc Physics",2026-09-28,0,0,0,0,0,0,0,3,2,0,0,,0,,0,0,0,0,0,0,0,0,4,4,0,0,0,0,0,0,0,Regular maintenance is the cheapest thing you can do for a heating
how-to-reduce-hvac-noise,content/hvac-noise/how-to-reduce-hvac-noise.mdx,hvac-noise,explainer,1733,199,"Marko Visic, BSc Physics",2026-09-21,0,0,0,0,0,0,0,0,0,0,0,,0,,0,0,0,0,0,0,0,0,2,2,0,0,0,0,0,0,0,"Your HVAC system is too loud, the outdoor unit keeps you up"
hvac-noise-levels-explained,content/hvac-noise/hvac-noise-levels-explained.mdx,hvac-noise,explainer,1675,144,"Marko Visic, BSc Physics",2026-09-22,4,0,0,0,0,0,0,0,1,0,0,,0,,2,0,0,3,0,0,0,0,4,2,0,0,0,0,0,1,0,You're shopping for HVAC equipment and trying to figure out what's actually
carbon-monoxide-detector-guide,content/indoor-air-quality/carbon-monoxide-detector-guide.mdx,indoor-air-quality,explainer,1931,387,"Marko Visic, BSc Physics",2026-09-19,0,0,0,0,0,0,0,5,0,0,0,,0,,0,0,0,0,0,0,0,0,8,6,0,0,0,0,0,0,0,Carbon monoxide is the home hazard people fear most for good reason:
how-to-improve-indoor-air-quality,content/indoor-air-quality/how-to-improve-indoor-air-quality.mdx,indoor-air-quality,explainer,2102,107,"Marko Visic, BSc Physics",2026-09-25,13,0,0,0,0,0,0,5,11,0,0,,0,,6,0,1,5,0,0,0,0,10,10,0,0,0,0,0,1,1,Your indoor air is likely more polluted than you think. The EPA
voc-in-home-sources,content/indoor-air-quality/voc-in-home-sources.mdx,indoor-air-quality,explainer,679,77,"Marko Visic, BSc Physics",2026-09-28,0,0,0,0,0,0,0,3,0,0,0,,0,,0,0,0,0,0,0,0,0,4,4,0,0,0,0,0,0,0,"Volatile organic compounds (VOCs) are gases released by thousands of everyday products,"
whole-house-ventilation-systems,content/indoor-air-quality/whole-house-ventilation-systems.mdx,indoor-air-quality,comparison,594,28,"Marko Visic, BSc Physics",2026-09-28,0,0,0,0,0,0,0,0,0,0,0,,0,,0,0,0,0,0,0,0,0,4,4,0,0,0,0,0,0,0,"Tightly built homes save energy, but they also trap moisture, odors and"
indoor-air-quality-testing,content/indoor-air-quality-testing.mdx,indoor-air-quality,explainer,723,65,"Marko Visic, BSc Physics",2026-09-28,2,0,0,0,0,0,0,5,8,0,0,,0,,1,0,0,0,0,0,0,0,10,10,0,0,0,0,0,0,0,"""Testing indoor air quality"" covers several very different tests. Some, like radon"
insulation-r-value-guide,content/insulation/insulation-r-value-guide.mdx,insulation,explainer,705,11,"Marko Visic, BSc Physics",2026-10-02,0,1,0,0,0,0,0,6,9,0,0,,0,,0,0,0,0,0,0,0,0,2,2,0,0,0,0,0,0,0,"R-value measures how well insulation resists heat flow: the higher the number,"
dry-mode-in-ac,content/mini-split-air-conditioners/dry-mode-in-ac.mdx,mini-split-air-conditioners,explainer,1297,254,"Marko Visic, BSc Physics",2026-09-20,0,0,0,0,0,0,0,1,4,0,0,,0,,0,0,0,0,0,0,0,0,2,2,0,0,0,0,0,0,0,"You spotted a ""Dry"" setting or a little water-drop icon on your"
how-does-a-mini-split-work,content/mini-split-air-conditioners/how-does-a-mini-split-work.mdx,mini-split-air-conditioners,explainer,1618,50,"Marko Visic, BSc Physics",2026-09-21,2,0,0,0,0,0,0,1,4,0,0,,0,,1,0,0,2,0,0,0,0,8,8,0,0,0,0,0,0,0,"You've got a mini split, or you're about to, and you want"
how-much-does-mini-split-cost-to-run,content/mini-split-air-conditioners/how-much-does-mini-split-cost-to-run.mdx,mini-split-air-conditioners,calculator,726,63,"Marko Visic, BSc Physics",2026-09-28,0,4,0,0,0,0,0,1,4,0,0,,0,,0,0,0,0,0,0,0,0,6,6,0,0,0,0,0,0,0,A mini split's cost to run comes down to three numbers on
mini-split-air-conditioners,content/mini-split-air-conditioners/mini-split-air-conditioners.mdx,mini-split-air-conditioners,category-hub,2045,52,"Marko Visic, BSc Physics",2026-09-21,2,0,0,0,0,0,0,3,8,0,0,,0,,1,0,0,5,0,0,0,0,14,14,0,0,0,0,0,1,0,"If you're considering a mini split, you probably have a stack of"
mini-split-electricity-usage,content/mini-split-air-conditioners/mini-split-electricity-usage.mdx,mini-split-air-conditioners,explainer,1793,159,"Marko Visic, BSc Physics",2026-09-28,4,0,0,0,0,0,0,4,7,0,0,,0,,2,0,0,3,0,0,0,0,6,6,0,0,0,0,0,0,0,You want to know what a mini split actually costs to run
mini-split-installation-cost,content/mini-split-air-conditioners/mini-split-installation-cost.mdx,mini-split-air-conditioners,cost-guide,1563,120,"Marko Visic, BSc Physics",2026-09-23,4,0,0,0,0,0,0,0,0,0,0,,0,,2,0,0,5,0,0,0,0,6,6,0,0,0,0,0,0,0,You're considering a mini split and need a realistic budget before the
mini-split-vs-central-air,content/mini-split-air-conditioners/mini-split-vs-central-air.mdx,mini-split-air-conditioners,comparison,1498,204,"Marko Visic, BSc Physics",2026-09-21,0,0,0,0,0,0,0,1,7,0,0,,0,,0,0,0,0,0,0,0,0,6,6,0,0,0,0,0,0,0,"You're deciding between a mini split and central air, and you want"
what-is-a-mini-split,content/mini-split-air-conditioners/what-is-a-mini-split.mdx,mini-split-air-conditioners,explainer,1431,17,"Marko Visic, BSc Physics",2026-09-21,2,0,0,0,0,0,0,2,6,0,0,,0,,1,0,0,2,0,0,0,0,6,6,0,0,0,0,0,0,0,"You've heard the term ""mini split,"" maybe a neighbor got one, or"
how-to-identify-mold,content/mold-prevention/how-to-identify-mold.mdx,mold-moisture-control,explainer,592,27,"Marko Visic, BSc Physics",2026-10-01,0,0,0,0,0,0,0,4,6,0,0,,0,,0,0,0,0,0,0,0,0,4,4,0,0,0,0,0,0,0,"Mold grows wherever moisture lingers on something it can feed on: drywall,"
moisture-barrier-crawl-space,content/mold-prevention/moisture-barrier-crawl-space.mdx,mold-moisture-control,explainer,811,35,"Marko Visic, BSc Physics",2026-09-28,0,1,0,0,0,0,0,2,8,0,0,,0,,0,0,0,0,0,0,0,0,4,4,0,0,0,0,0,0,0,Bare soil under a house gives off water vapor constantly. In a
do-portable-acs-pull-air-from-outside,content/portable-air-conditioners/do-portable-acs-pull-air-from-outside.mdx,portable-air-conditioners,explainer,630,32,"Marko Visic, BSc Physics",2026-10-01,0,0,0,0,0,0,0,0,0,0,0,,0,,0,0,0,0,0,0,0,0,4,4,0,0,0,0,0,0,0,"A portable air conditioner doesn't have a fresh-air intake, but a single-hose"
how-to-drain-portable-ac,content/portable-air-conditioners/how-to-drain-portable-ac.mdx,portable-air-conditioners,other,651,87,"Marko Visic, BSc Physics",2026-10-01,0,0,0,0,0,0,0,0,0,0,0,,0,,0,0,0,0,0,0,0,0,2,2,0,0,0,0,0,0,0,A portable air conditioner pulls moisture out of the room air as
how-to-vent-portable-ac-without-window,content/portable-air-conditioners/how-to-vent-portable-ac-without-window.mdx,portable-air-conditioners,other,1855,146,"Marko Visic, BSc Physics",2026-09-22,22,0,0,0,0,0,0,0,0,0,0,,0,,11,1,0,7,0,0,0,0,2,2,0,0,0,0,0,0,1,"Your room has no standard window, or none where the portable AC"
portable-ac-electricity-cost,content/portable-air-conditioners/portable-ac-electricity-cost.mdx,portable-air-conditioners,calculator,675,38,"Marko Visic, BSc Physics",2026-09-28,0,4,0,0,0,0,0,0,0,0,0,,0,,0,0,0,0,0,0,0,0,4,4,0,0,0,0,0,0,0,A portable air conditioner is easy to set up and easy to
portable-air-conditioners,content/portable-air-conditioners/portable-air-conditioners.mdx,portable-air-conditioners,category-hub,677,44,"Marko Visic, BSc Physics",2026-09-28,0,3,0,0,0,0,0,2,0,0,0,,0,,0,0,0,0,0,0,0,0,6,6,0,0,0,0,0,0,0,A portable air conditioner sits on the floor and sends its heat
single-hose-vs-dual-hose-portable-ac,content/portable-air-conditioners/single-hose-vs-dual-hose-portable-ac.mdx,portable-air-conditioners,comparison,1522,120,"Marko Visic, BSc Physics",2026-09-23,4,0,0,0,0,0,0,0,10,0,0,,0,,2,0,0,3,0,0,0,0,2,2,0,0,0,0,0,0,0,"You're shopping for a portable AC and keep seeing ""single-hose"" and ""dual-hose"""
hvac-refrigerant-phase-out,content/refrigerants/hvac-refrigerant-phase-out.mdx,refrigerants,explainer,1423,254,"Marko Visic, BSc Physics",2026-09-20,0,0,0,0,0,0,0,1,2,0,0,,0,,0,0,0,0,0,0,0,0,4,4,0,0,0,0,0,0,0,"You've heard that HVAC refrigerant is being ""phased out,"" and now you're"
r410a-vs-r32-refrigerant,content/refrigerants/r410a-vs-r32-refrigerant.mdx,refrigerants,comparison,621,85,"Marko Visic, BSc Physics",2026-10-01,0,0,0,0,0,0,0,1,6,0,0,,0,,0,0,0,0,0,0,0,0,4,4,0,0,0,0,0,0,0,"For two decades, nearly every new home air conditioner and heat pump"
refrigerant-types-explained,content/refrigerants/refrigerant-types-explained.mdx,refrigerants,explainer,2457,617,"Marko Visic, BSc Physics",2026-09-18,0,0,0,0,0,0,0,1,10,0,0,,0,,0,0,0,0,0,0,0,0,10,10,0,0,0,0,0,0,0,The refrigerant inside your HVAC system is not something you think about
smart-thermostat-savings,content/smart-thermostats/smart-thermostat-savings.mdx,smart-home-thermostats,explainer,584,34,"Marko Visic, BSc Physics",2026-09-28,0,0,0,0,0,0,0,2,3,0,0,,0,,0,0,0,0,0,0,0,0,4,4,0,0,0,0,0,0,0,A smart thermostat doesn't make your furnace or air conditioner more efficient.
electric-heater-running-cost,content/space-heaters/electric-heater-running-cost.mdx,space-heaters-portable-heating,cost-guide,669,20,"Marko Visic, BSc Physics",2026-10-02,0,5,0,0,0,0,0,1,0,0,0,,0,,0,0,0,0,0,0,0,0,4,4,0,0,0,0,0,0,0,An electric space heater's cost is simple physics: it turns electricity into
radiant-floor-heating-pros-cons,content/space-heaters/radiant-floor-heating-pros-cons.mdx,space-heaters-portable-heating,explainer,594,23,"Marko Visic, BSc Physics",2026-10-01,2,3,0,0,0,0,0,0,2,0,0,,0,,1,0,0,0,0,0,0,0,2,2,0,0,0,0,0,0,0,"Radiant floor heating warms the floor itself, which then warms people and"
space-heater-guide,content/space-heaters/space-heater-guide.mdx,space-heaters-portable-heating,explainer,689,16,"Marko Visic, BSc Physics",2026-10-02,0,3,0,0,0,0,0,1,0,0,0,,0,,0,0,0,0,0,0,0,0,4,4,0,0,0,0,0,0,0,"A space heater warms one room without heating the whole house, which"
hot-water-recirculating-pump,content/tankless-water-heaters/hot-water-recirculating-pump.mdx,tankless-water-heaters,other,656,37,"Marko Visic, BSc Physics",2026-09-28,2,2,0,0,0,0,0,0,0,0,0,,0,,1,0,0,0,0,0,0,0,2,2,0,0,0,0,0,0,0,Waiting for hot water at a far bathroom wastes both time and
tankless-water-heater-cost,content/tankless-water-heaters/tankless-water-heater-cost.mdx,tankless-water-heaters,cost-guide,777,43,"Marko Visic, BSc Physics",2026-09-28,0,2,0,0,0,0,0,0,0,0,0,,0,,0,0,0,0,0,0,0,0,6,6,0,0,0,0,0,0,0,"The price of a tankless water heater is mostly installation, not the"
tankless-water-heater-guide,content/tankless-water-heaters/tankless-water-heater-guide.mdx,tankless-water-heaters,other,811,29,"Marko Visic, BSc Physics",2026-09-28,2,2,0,0,0,0,0,0,1,0,0,,0,,1,0,0,0,0,0,0,0,4,4,0,0,0,0,0,1,0,A tankless water heater heats water only while a tap is open.
tankless-water-heater-propane-usage,content/tankless-water-heaters/tankless-water-heater-propane-usage.mdx,tankless-water-heaters,other,587,30,"Marko Visic, BSc Physics",2026-09-28,0,3,0,0,0,0,0,0,2,0,0,,0,,0,0,0,0,0,0,0,0,2,2,0,0,0,0,0,0,0,"A propane tankless water heater only burns fuel while hot water flows,"
hvac-rebates-by-state,content/tax-credits-rebates/hvac-rebates-by-state.mdx,tax-credits,explainer,765,26,"Marko Visic, BSc Physics",2026-10-01,0,0,0,0,0,0,0,0,15,0,0,,0,,0,0,0,0,0,0,0,0,10,10,0,0,0,0,0,0,0,The biggest HVAC rebates in 2026 come from two federal programs that
hvac-tax-credits-2026,content/tax-credits-rebates/hvac-tax-credits-2026.mdx,tax-credits,explainer,1086,169,"Marko Visic, BSc Physics",2026-09-28,0,0,0,0,0,0,0,2,12,0,0,,0,,0,0,0,0,0,0,0,0,14,14,0,0,0,0,0,0,0,"The federal tax credits that paid up to $2,000 toward a heat"
electric-water-heating-cost,content/water-heaters/electric-water-heating-cost.mdx,water-heaters,calculator,791,11,"Marko Visic, BSc Physics",2026-09-28,0,5,0,0,0,0,0,0,0,0,0,,0,,0,0,0,0,0,0,0,0,4,4,0,0,0,0,0,0,0,Water heating is one of the largest electric loads in a home
heat-pump-water-heater-guide,content/water-heaters/heat-pump-water-heater-guide.mdx,water-heaters,other,774,43,"Marko Visic, BSc Physics",2026-09-28,0,4,0,0,0,0,0,1,0,0,0,,0,,0,0,0,0,0,0,0,0,6,6,0,0,0,0,0,0,0,A heat pump water heater looks like an ordinary electric tank with
how-long-does-water-heater-last,content/water-heaters/how-long-does-water-heater-last.mdx,water-heaters,calculator,705,55,"Marko Visic, BSc Physics",2026-09-28,0,0,0,0,0,0,0,4,0,0,0,,0,,0,0,0,0,0,0,0,0,8,8,0,0,0,0,0,0,0,"A water heater usually gives little warning before it fails, and a"
water-heater-guide,content/water-heaters/water-heater-guide.mdx,water-heaters,other,764,29,"Marko Visic, BSc Physics",2026-09-28,0,2,0,0,0,0,0,3,0,0,0,,0,,0,0,0,0,0,0,0,0,6,6,0,0,0,0,0,0,0,Choosing a water heater comes down to four questions: which fuel you
